# Blender 4.3.2
# www.blender.org
mtllib button_lamp_base.mtl
g Cube_Mesh
v 0.100000 0.050000 -0.100000
v 0.100000 0.000000 -0.100000
v 0.100000 0.050000 0.100000
v 0.100000 0.000000 0.100000
v -0.100000 0.050000 -0.100000
v -0.100000 0.000000 -0.100000
v -0.100000 0.050000 0.100000
v -0.100000 0.000000 0.100000
v 0.095000 0.050000 0.095000
v -0.095000 0.050000 0.095000
v 0.095000 0.050000 -0.095000
v -0.095000 0.050000 -0.095000
v 0.095000 0.000000 0.095000
v -0.095000 0.000000 0.095000
v 0.095000 0.000000 -0.095000
v -0.095000 0.000000 -0.095000
v 0.500000 0.000000 -0.100000
v 0.500000 0.000000 0.100000
v 0.400000 -0.050000 -0.050000
v 0.400000 0.000000 -0.050000
v 0.412941 -0.050000 -0.048296
v 0.412941 0.000000 -0.048296
v 0.425000 -0.050000 -0.043301
v 0.425000 0.000000 -0.043301
v 0.435355 -0.050000 -0.035355
v 0.435355 0.000000 -0.035355
v 0.443301 -0.050000 -0.025000
v 0.443301 0.000000 -0.025000
v 0.448296 -0.050000 -0.012941
v 0.448296 0.000000 -0.012941
v 0.450000 -0.050000 0.000000
v 0.450000 0.000000 0.000000
v 0.448296 -0.050000 0.012941
v 0.448296 0.000000 0.012941
v 0.443301 -0.050000 0.025000
v 0.443301 0.000000 0.025000
v 0.435355 -0.050000 0.035355
v 0.435355 0.000000 0.035355
v 0.425000 -0.050000 0.043301
v 0.425000 0.000000 0.043301
v 0.412941 -0.050000 0.048296
v 0.412941 0.000000 0.048296
v 0.400000 -0.050000 0.050000
v 0.400000 0.000000 0.050000
v 0.387059 -0.050000 0.048296
v 0.387059 0.000000 0.048296
v 0.375000 -0.050000 0.043301
v 0.375000 0.000000 0.043301
v 0.364645 -0.050000 0.035355
v 0.364645 0.000000 0.035355
v 0.356699 -0.050000 0.025000
v 0.351704 -0.050000 0.012941
v 0.350000 -0.050000 0.000000
v 0.351704 -0.050000 -0.012941
v 0.356699 -0.050000 -0.025000
v 0.356699 0.000000 -0.025000
v 0.364645 -0.050000 -0.035355
v 0.364645 0.000000 -0.035355
v 0.375000 -0.050000 -0.043301
v 0.375000 0.000000 -0.043301
v 0.387059 -0.050000 -0.048296
v 0.387059 0.000000 -0.048296
v 0.450000 -0.005000 -0.000000
v 0.440000 -0.000500 -0.000000
v 0.440000 -0.000000 -0.000000
v 0.412500 -0.075000 0.021651
v 0.448296 -0.005417 -0.012941
v 0.438637 -0.000917 -0.010353
v 0.438637 -0.000417 -0.010353
v 0.417678 -0.075000 0.017678
v 0.443301 -0.005833 -0.025000
v 0.434641 -0.001333 -0.020000
v 0.434641 -0.000833 -0.020000
v 0.421651 -0.075000 0.012500
v 0.435355 -0.006250 -0.035355
v 0.428284 -0.001750 -0.028284
v 0.428284 -0.001250 -0.028284
v 0.424148 -0.075000 0.006470
v 0.425000 -0.006667 -0.043301
v 0.420000 -0.002167 -0.034641
v 0.420000 -0.001667 -0.034641
v 0.425000 -0.075000 -0.000000
v 0.412941 -0.007083 -0.048296
v 0.410353 -0.002583 -0.038637
v 0.410353 -0.002083 -0.038637
v 0.424148 -0.075000 -0.006470
v 0.400000 -0.007500 -0.050000
v 0.400000 -0.003000 -0.040000
v 0.400000 -0.002500 -0.040000
v 0.421651 -0.075000 -0.012500
v 0.387059 -0.007917 -0.048296
v 0.389647 -0.003417 -0.038637
v 0.389647 -0.002917 -0.038637
v 0.417678 -0.075000 -0.017678
v 0.375000 -0.008333 -0.043301
v 0.380000 -0.003833 -0.034641
v 0.380000 -0.003333 -0.034641
v 0.412500 -0.075000 -0.021651
v 0.364645 -0.008750 -0.035355
v 0.371716 -0.004250 -0.028284
v 0.371716 -0.003750 -0.028284
v 0.406471 -0.075000 -0.024148
v 0.356699 -0.009167 -0.025000
v 0.365359 -0.004667 -0.020000
v 0.365359 -0.004167 -0.020000
v 0.400000 -0.075000 -0.025000
v 0.351704 -0.009583 -0.012941
v 0.361363 -0.005083 -0.010353
v 0.361363 -0.004583 -0.010353
v 0.351704 -0.000083 -0.012941
v 0.350000 -0.010000 0.000000
v 0.360000 -0.005500 0.000000
v 0.360000 -0.005000 0.000000
v 0.350000 -0.000500 0.000000
v 0.351704 -0.010417 0.012941
v 0.361363 -0.005917 0.010353
v 0.361363 -0.005417 0.010353
v 0.351704 -0.000917 0.012941
v 0.356699 -0.010833 0.025000
v 0.365359 -0.006333 0.020000
v 0.365359 -0.005833 0.020000
v 0.356699 -0.001333 0.025000
v 0.364645 -0.011250 0.035355
v 0.371716 -0.006750 0.028284
v 0.371716 -0.006250 0.028284
v 0.364645 -0.001750 0.035355
v 0.375000 -0.011667 0.043301
v 0.380000 -0.007167 0.034641
v 0.380000 -0.006667 0.034641
v 0.375000 -0.002167 0.043301
v 0.387059 -0.012083 0.048296
v 0.389647 -0.007583 0.038637
v 0.389647 -0.007083 0.038637
v 0.387059 -0.002583 0.048296
v 0.400000 -0.012500 0.050000
v 0.400000 -0.008000 0.040000
v 0.400000 -0.007500 0.040000
v 0.400000 -0.003000 0.050000
v 0.412941 -0.012917 0.048296
v 0.410353 -0.008417 0.038637
v 0.410353 -0.007917 0.038637
v 0.412941 -0.003417 0.048296
v 0.425000 -0.013333 0.043301
v 0.420000 -0.008833 0.034641
v 0.420000 -0.008333 0.034641
v 0.425000 -0.003833 0.043301
v 0.435355 -0.013750 0.035355
v 0.428284 -0.009250 0.028284
v 0.428284 -0.008750 0.028284
v 0.435355 -0.004250 0.035355
v 0.443301 -0.014167 0.025000
v 0.434641 -0.009667 0.020000
v 0.434641 -0.009167 0.020000
v 0.443301 -0.004667 0.025000
v 0.448296 -0.014583 0.012941
v 0.438637 -0.010083 0.010353
v 0.438637 -0.009583 0.010353
v 0.448296 -0.005083 0.012941
v 0.450000 -0.015000 -0.000000
v 0.440000 -0.010500 -0.000000
v 0.440000 -0.010000 -0.000000
v 0.450000 -0.005500 -0.000000
v 0.448296 -0.015417 -0.012941
v 0.438637 -0.010917 -0.010353
v 0.438637 -0.010417 -0.010353
v 0.448296 -0.005917 -0.012941
v 0.443301 -0.015833 -0.025000
v 0.434641 -0.011333 -0.020000
v 0.434641 -0.010833 -0.020000
v 0.443301 -0.006333 -0.025000
v 0.435355 -0.016250 -0.035355
v 0.428284 -0.011750 -0.028284
v 0.428284 -0.011250 -0.028284
v 0.435355 -0.006750 -0.035355
v 0.425000 -0.016667 -0.043301
v 0.420000 -0.012167 -0.034641
v 0.420000 -0.011667 -0.034641
v 0.425000 -0.007167 -0.043301
v 0.412941 -0.017083 -0.048296
v 0.410353 -0.012583 -0.038637
v 0.410353 -0.012083 -0.038637
v 0.412941 -0.007583 -0.048296
v 0.400000 -0.017500 -0.050000
v 0.400000 -0.013000 -0.040000
v 0.400000 -0.012500 -0.040000
v 0.400000 -0.008000 -0.050000
v 0.387059 -0.017917 -0.048296
v 0.389647 -0.013417 -0.038637
v 0.389647 -0.012917 -0.038637
v 0.387059 -0.008417 -0.048296
v 0.375000 -0.018333 -0.043301
v 0.380000 -0.013833 -0.034641
v 0.380000 -0.013333 -0.034641
v 0.375000 -0.008833 -0.043301
v 0.364645 -0.018750 -0.035355
v 0.371716 -0.014250 -0.028284
v 0.371716 -0.013750 -0.028284
v 0.364645 -0.009250 -0.035355
v 0.356699 -0.019167 -0.025000
v 0.365359 -0.014667 -0.020000
v 0.365359 -0.014167 -0.020000
v 0.356699 -0.009667 -0.025000
v 0.351704 -0.019583 -0.012941
v 0.361363 -0.015083 -0.010353
v 0.361363 -0.014583 -0.010353
v 0.351704 -0.010083 -0.012941
v 0.350000 -0.020000 0.000000
v 0.360000 -0.015500 0.000000
v 0.360000 -0.015000 0.000000
v 0.350000 -0.010500 0.000000
v 0.351704 -0.020417 0.012941
v 0.361363 -0.015917 0.010353
v 0.361363 -0.015417 0.010353
v 0.351704 -0.010917 0.012941
v 0.356699 -0.020833 0.025000
v 0.365359 -0.016333 0.020000
v 0.365359 -0.015833 0.020000
v 0.356699 -0.011333 0.025000
v 0.364645 -0.021250 0.035355
v 0.371716 -0.016750 0.028284
v 0.371716 -0.016250 0.028284
v 0.364645 -0.011750 0.035355
v 0.375000 -0.021667 0.043301
v 0.380000 -0.017167 0.034641
v 0.380000 -0.016667 0.034641
v 0.375000 -0.012167 0.043301
v 0.387059 -0.022083 0.048296
v 0.389647 -0.017583 0.038637
v 0.389647 -0.017083 0.038637
v 0.387059 -0.012583 0.048296
v 0.400000 -0.022500 0.050000
v 0.400000 -0.018000 0.040000
v 0.400000 -0.017500 0.040000
v 0.400000 -0.013000 0.050000
v 0.412941 -0.022917 0.048296
v 0.410353 -0.018417 0.038637
v 0.410353 -0.017917 0.038637
v 0.412941 -0.013417 0.048296
v 0.425000 -0.023333 0.043301
v 0.420000 -0.018833 0.034641
v 0.420000 -0.018333 0.034641
v 0.425000 -0.013833 0.043301
v 0.435355 -0.023750 0.035355
v 0.428284 -0.019250 0.028284
v 0.428284 -0.018750 0.028284
v 0.435355 -0.014250 0.035355
v 0.443301 -0.024167 0.025000
v 0.434641 -0.019667 0.020000
v 0.434641 -0.019167 0.020000
v 0.443301 -0.014667 0.025000
v 0.448296 -0.024583 0.012941
v 0.438637 -0.020083 0.010353
v 0.438637 -0.019583 0.010353
v 0.448296 -0.015083 0.012941
v 0.450000 -0.025000 -0.000000
v 0.440000 -0.020500 -0.000000
v 0.440000 -0.020000 -0.000000
v 0.450000 -0.015500 -0.000000
v 0.448296 -0.025417 -0.012941
v 0.438637 -0.020917 -0.010353
v 0.438637 -0.020417 -0.010353
v 0.448296 -0.015917 -0.012941
v 0.443301 -0.025833 -0.025000
v 0.434641 -0.021333 -0.020000
v 0.434641 -0.020833 -0.020000
v 0.443301 -0.016333 -0.025000
v 0.435355 -0.026250 -0.035355
v 0.428284 -0.021750 -0.028284
v 0.428284 -0.021250 -0.028284
v 0.435355 -0.016750 -0.035355
v 0.425000 -0.026667 -0.043301
v 0.420000 -0.022167 -0.034641
v 0.420000 -0.021667 -0.034641
v 0.425000 -0.017167 -0.043301
v 0.412941 -0.027083 -0.048296
v 0.410353 -0.022583 -0.038637
v 0.410353 -0.022083 -0.038637
v 0.412941 -0.017583 -0.048296
v 0.400000 -0.027500 -0.050000
v 0.400000 -0.023000 -0.040000
v 0.400000 -0.022500 -0.040000
v 0.400000 -0.018000 -0.050000
v 0.387059 -0.027917 -0.048296
v 0.389647 -0.023417 -0.038637
v 0.389647 -0.022917 -0.038637
v 0.387059 -0.018417 -0.048296
v 0.375000 -0.028333 -0.043301
v 0.380000 -0.023833 -0.034641
v 0.380000 -0.023333 -0.034641
v 0.375000 -0.018833 -0.043301
v 0.364645 -0.028750 -0.035355
v 0.371716 -0.024250 -0.028284
v 0.371716 -0.023750 -0.028284
v 0.364645 -0.019250 -0.035355
v 0.356699 -0.029167 -0.025000
v 0.365359 -0.024667 -0.020000
v 0.365359 -0.024167 -0.020000
v 0.356699 -0.019667 -0.025000
v 0.351704 -0.029583 -0.012941
v 0.361363 -0.025083 -0.010353
v 0.361363 -0.024583 -0.010353
v 0.351704 -0.020083 -0.012941
v 0.350000 -0.030000 0.000000
v 0.360000 -0.025500 0.000000
v 0.360000 -0.025000 0.000000
v 0.350000 -0.020500 0.000000
v 0.351704 -0.030417 0.012941
v 0.361363 -0.025917 0.010353
v 0.361363 -0.025417 0.010353
v 0.351704 -0.020917 0.012941
v 0.356699 -0.030833 0.025000
v 0.365359 -0.026333 0.020000
v 0.365359 -0.025833 0.020000
v 0.356699 -0.021333 0.025000
v 0.364645 -0.031250 0.035355
v 0.371716 -0.026750 0.028284
v 0.371716 -0.026250 0.028284
v 0.364645 -0.021750 0.035355
v 0.375000 -0.031667 0.043301
v 0.380000 -0.027167 0.034641
v 0.380000 -0.026667 0.034641
v 0.375000 -0.022167 0.043301
v 0.387059 -0.032083 0.048296
v 0.389647 -0.027583 0.038637
v 0.389647 -0.027083 0.038637
v 0.387059 -0.022583 0.048296
v 0.400000 -0.032500 0.050000
v 0.400000 -0.028000 0.040000
v 0.400000 -0.027500 0.040000
v 0.400000 -0.023000 0.050000
v 0.412941 -0.032917 0.048296
v 0.410353 -0.028417 0.038637
v 0.410353 -0.027917 0.038637
v 0.412941 -0.023417 0.048296
v 0.425000 -0.033333 0.043301
v 0.420000 -0.028833 0.034641
v 0.420000 -0.028333 0.034641
v 0.425000 -0.023833 0.043301
v 0.435355 -0.033750 0.035355
v 0.428284 -0.029250 0.028284
v 0.428284 -0.028750 0.028284
v 0.435355 -0.024250 0.035355
v 0.443301 -0.034167 0.025000
v 0.434641 -0.029667 0.020000
v 0.434641 -0.029167 0.020000
v 0.443301 -0.024667 0.025000
v 0.448296 -0.034583 0.012941
v 0.438637 -0.030083 0.010353
v 0.438637 -0.029583 0.010353
v 0.448296 -0.025083 0.012941
v 0.450000 -0.035000 -0.000000
v 0.440000 -0.030500 -0.000000
v 0.440000 -0.030000 -0.000000
v 0.450000 -0.025500 -0.000000
v 0.448296 -0.035417 -0.012941
v 0.438637 -0.030917 -0.010353
v 0.438637 -0.030417 -0.010353
v 0.448296 -0.025917 -0.012941
v 0.443301 -0.035833 -0.025000
v 0.434641 -0.031333 -0.020000
v 0.434641 -0.030833 -0.020000
v 0.443301 -0.026333 -0.025000
v 0.435355 -0.036250 -0.035355
v 0.428284 -0.031750 -0.028284
v 0.428284 -0.031250 -0.028284
v 0.435355 -0.026750 -0.035355
v 0.425000 -0.036667 -0.043301
v 0.420000 -0.032167 -0.034641
v 0.420000 -0.031667 -0.034641
v 0.425000 -0.027167 -0.043301
v 0.412941 -0.037083 -0.048296
v 0.410353 -0.032583 -0.038637
v 0.410353 -0.032083 -0.038637
v 0.412941 -0.027583 -0.048296
v 0.400000 -0.037500 -0.050000
v 0.400000 -0.033000 -0.040000
v 0.400000 -0.032500 -0.040000
v 0.400000 -0.028000 -0.050000
v 0.387059 -0.037917 -0.048296
v 0.389647 -0.033417 -0.038637
v 0.389647 -0.032917 -0.038637
v 0.387059 -0.028417 -0.048296
v 0.375000 -0.038333 -0.043301
v 0.380000 -0.033833 -0.034641
v 0.380000 -0.033333 -0.034641
v 0.375000 -0.028833 -0.043301
v 0.364645 -0.038750 -0.035355
v 0.371716 -0.034250 -0.028284
v 0.371716 -0.033750 -0.028284
v 0.364645 -0.029250 -0.035355
v 0.356699 -0.039167 -0.025000
v 0.365359 -0.034667 -0.020000
v 0.365359 -0.034167 -0.020000
v 0.356699 -0.029667 -0.025000
v 0.351704 -0.039583 -0.012941
v 0.361363 -0.035083 -0.010353
v 0.361363 -0.034583 -0.010353
v 0.351704 -0.030083 -0.012941
v 0.350000 -0.040000 0.000000
v 0.360000 -0.035500 0.000000
v 0.360000 -0.035000 0.000000
v 0.350000 -0.030500 0.000000
v 0.351704 -0.040417 0.012941
v 0.361363 -0.035917 0.010353
v 0.361363 -0.035417 0.010353
v 0.351704 -0.030917 0.012941
v 0.356699 -0.040833 0.025000
v 0.365359 -0.036333 0.020000
v 0.365359 -0.035833 0.020000
v 0.356699 -0.031333 0.025000
v 0.364645 -0.041250 0.035355
v 0.371716 -0.036750 0.028284
v 0.371716 -0.036250 0.028284
v 0.364645 -0.031750 0.035355
v 0.375000 -0.041667 0.043301
v 0.380000 -0.037167 0.034641
v 0.380000 -0.036667 0.034641
v 0.375000 -0.032167 0.043301
v 0.387059 -0.042083 0.048296
v 0.389647 -0.037583 0.038637
v 0.389647 -0.037083 0.038637
v 0.387059 -0.032583 0.048296
v 0.400000 -0.042500 0.050000
v 0.400000 -0.038000 0.040000
v 0.400000 -0.037500 0.040000
v 0.400000 -0.033000 0.050000
v 0.412941 -0.042917 0.048296
v 0.410353 -0.038417 0.038637
v 0.410353 -0.037917 0.038637
v 0.412941 -0.033417 0.048296
v 0.425000 -0.043333 0.043301
v 0.420000 -0.038833 0.034641
v 0.420000 -0.038333 0.034641
v 0.425000 -0.033833 0.043301
v 0.435355 -0.043750 0.035355
v 0.428284 -0.039250 0.028284
v 0.428284 -0.038750 0.028284
v 0.435355 -0.034250 0.035355
v 0.443301 -0.044167 0.025000
v 0.434641 -0.039667 0.020000
v 0.434641 -0.039167 0.020000
v 0.443301 -0.034667 0.025000
v 0.448296 -0.044583 0.012941
v 0.438637 -0.040083 0.010353
v 0.438637 -0.039583 0.010353
v 0.448296 -0.035083 0.012941
v 0.450000 -0.045000 -0.000000
v 0.440000 -0.040500 -0.000000
v 0.440000 -0.040000 -0.000000
v 0.450000 -0.035500 -0.000000
v 0.448296 -0.045417 -0.012941
v 0.438637 -0.040917 -0.010353
v 0.438637 -0.040417 -0.010353
v 0.448296 -0.035917 -0.012941
v 0.443301 -0.045833 -0.025000
v 0.434641 -0.041333 -0.020000
v 0.434641 -0.040833 -0.020000
v 0.443301 -0.036333 -0.025000
v 0.435355 -0.046250 -0.035355
v 0.428284 -0.041750 -0.028284
v 0.428284 -0.041250 -0.028284
v 0.435355 -0.036750 -0.035355
v 0.425000 -0.046667 -0.043301
v 0.420000 -0.042167 -0.034641
v 0.420000 -0.041667 -0.034641
v 0.425000 -0.037167 -0.043301
v 0.412941 -0.047083 -0.048296
v 0.410353 -0.042583 -0.038637
v 0.410353 -0.042083 -0.038637
v 0.412941 -0.037583 -0.048296
v 0.400000 -0.047500 -0.050000
v 0.400000 -0.043000 -0.040000
v 0.400000 -0.042500 -0.040000
v 0.400000 -0.038000 -0.050000
v 0.387059 -0.047917 -0.048296
v 0.389647 -0.043417 -0.038637
v 0.389647 -0.042917 -0.038637
v 0.387059 -0.038417 -0.048296
v 0.375000 -0.048333 -0.043301
v 0.380000 -0.043833 -0.034641
v 0.380000 -0.043333 -0.034641
v 0.375000 -0.038833 -0.043301
v 0.364645 -0.048750 -0.035355
v 0.371716 -0.044250 -0.028284
v 0.371716 -0.043750 -0.028284
v 0.364645 -0.039250 -0.035355
v 0.356699 -0.049167 -0.025000
v 0.365359 -0.044667 -0.020000
v 0.365359 -0.044167 -0.020000
v 0.356699 -0.039667 -0.025000
v 0.351704 -0.049583 -0.012941
v 0.361363 -0.045083 -0.010353
v 0.361363 -0.044583 -0.010353
v 0.351704 -0.040083 -0.012941
v 0.360000 -0.045500 0.000000
v 0.360000 -0.045000 0.000000
v 0.350000 -0.040500 0.000000
v 0.361363 -0.045917 0.010353
v 0.361363 -0.045417 0.010353
v 0.351704 -0.040917 0.012941
v 0.365359 -0.046333 0.020000
v 0.365359 -0.045833 0.020000
v 0.356699 -0.041333 0.025000
v 0.371716 -0.046750 0.028284
v 0.371716 -0.046250 0.028284
v 0.364645 -0.041750 0.035355
v 0.380000 -0.047167 0.034641
v 0.380000 -0.046667 0.034641
v 0.375000 -0.042167 0.043301
v 0.389647 -0.047583 0.038637
v 0.389647 -0.047083 0.038637
v 0.387059 -0.042583 0.048296
v 0.400000 -0.048000 0.040000
v 0.400000 -0.047500 0.040000
v 0.400000 -0.043000 0.050000
v 0.410353 -0.048417 0.038637
v 0.410353 -0.047917 0.038637
v 0.412941 -0.043417 0.048296
v 0.420000 -0.048833 0.034641
v 0.420000 -0.048333 0.034641
v 0.425000 -0.043833 0.043301
v 0.428284 -0.049250 0.028284
v 0.428284 -0.048750 0.028284
v 0.435355 -0.044250 0.035355
v 0.434641 -0.049667 0.020000
v 0.434641 -0.049167 0.020000
v 0.443301 -0.044667 0.025000
v 0.440000 -0.050000 -0.000000
v 0.406471 -0.075000 0.024148
v 0.400000 -0.075000 0.025000
v 0.393530 -0.075000 0.024148
v 0.387500 -0.075000 0.021651
v 0.382322 -0.075000 0.017678
v 0.378349 -0.075000 0.012500
v 0.375852 -0.075000 0.006470
v 0.375000 -0.075000 -0.000000
v 0.375852 -0.075000 -0.006470
v 0.378349 -0.075000 -0.012500
v 0.382322 -0.075000 -0.017678
v 0.387500 -0.075000 -0.021651
v 0.393530 -0.075000 -0.024148
v 0.440000 -0.050000 -0.000000
v 0.364645 0.000000 0.035355
v 0.356699 0.000000 0.025000
v 0.351704 0.000000 0.012941
v 0.350000 0.000000 0.000000
v 0.351704 0.000000 -0.012941
vn -0.0000 1.0000 -0.0000
vn -0.0000 -0.0000 1.0000
vn -1.0000 -0.0000 -0.0000
vn 1.0000 -0.0000 -0.0000
vn -0.0000 -0.0000 -1.0000
vn -0.8517 0.5238 -0.0164
vn -0.8184 -0.5238 0.2362
vn -0.8268 0.5239 0.2046
vn 0.8198 0.5231 0.2331
vn 0.7002 0.5731 0.4257
vn 0.3220 0.9257 0.1983
vn -0.8501 -0.4959 -0.1772
vn -0.7071 -0.7071 -0.0000
vn -0.7124 -0.7018 -0.0014
vn -0.8752 -0.4760 0.0862
vn -0.7918 -0.5634 0.2357
vn -0.7038 -0.5634 0.4327
vn -0.7294 -0.5239 0.4400
vn -0.5679 -0.5634 0.6001
vn -0.5906 -0.5239 0.6138
vn -0.3932 -0.5634 0.7266
vn -0.4117 -0.5238 0.7457
vn -0.1918 -0.5634 0.8036
vn -0.2046 -0.5238 0.8269
vn 0.0228 -0.5634 0.8259
vn 0.0164 -0.5238 0.8517
vn 0.2357 -0.5634 0.7918
vn 0.2362 -0.5238 0.8184
vn 0.4327 -0.5634 0.7038
vn 0.4400 -0.5238 0.7294
vn 0.6001 -0.5634 0.5679
vn 0.6138 -0.5238 0.5906
vn 0.7266 -0.5634 0.3932
vn 0.7457 -0.5238 0.4117
vn 0.8036 -0.5634 0.1918
vn 0.8269 -0.5238 0.2046
vn 0.8259 -0.5634 -0.0228
vn 0.8517 -0.5238 -0.0164
vn 0.7918 -0.5634 -0.2357
vn 0.8184 -0.5239 -0.2362
vn 0.7038 -0.5634 -0.4327
vn 0.7294 -0.5239 -0.4400
vn 0.5679 -0.5634 -0.6001
vn 0.5906 -0.5238 -0.6138
vn 0.3932 -0.5634 -0.7266
vn 0.4117 -0.5238 -0.7457
vn 0.1918 -0.5634 -0.8036
vn 0.2046 -0.5238 -0.8269
vn -0.0228 -0.5634 -0.8259
vn -0.0164 -0.5238 -0.8517
vn -0.2357 -0.5634 -0.7918
vn -0.2362 -0.5238 -0.8184
vn -0.4327 -0.5634 -0.7038
vn -0.4400 -0.5239 -0.7294
vn -0.6001 -0.5634 -0.5679
vn -0.6138 -0.5238 -0.5907
vn -0.7266 -0.5634 -0.3932
vn -0.7457 -0.5238 -0.4117
vn -0.8036 -0.5634 -0.1918
vn -0.8269 -0.5238 -0.2046
vn -0.8259 -0.5634 0.0228
vn -0.8517 -0.5238 0.0164
vn -0.8184 -0.5239 0.2362
vn -0.7294 -0.5238 0.4400
vn -0.5907 -0.5238 0.6138
vn -0.4117 -0.5239 0.7457
vn -0.2046 -0.5239 0.8269
vn 0.0163 -0.5239 0.8517
vn 0.6138 -0.5239 0.5906
vn 0.7457 -0.5239 0.4117
vn 0.8269 -0.5239 0.2046
vn 0.8184 -0.5238 -0.2362
vn 0.7294 -0.5238 -0.4400
vn 0.5906 -0.5239 -0.6138
vn -0.0163 -0.5239 -0.8517
vn -0.4400 -0.5238 -0.7294
vn -0.6138 -0.5239 -0.5906
vn -0.7457 -0.5239 -0.4117
vn -0.5906 -0.5238 0.6138
vn 0.4400 -0.5239 0.7294
vn -0.8517 -0.5239 0.0164
vn 0.6908 -0.6897 0.2170
vn -0.8116 -0.4988 0.3042
vn -0.6778 0.7178 0.1593
vn -0.6271 0.7019 0.3377
vn -0.5290 0.6858 0.4998
vn -0.3887 0.6695 0.6329
vn -0.2149 0.6532 0.7261
vn -0.0192 0.6368 0.7708
vn 0.1848 0.6205 0.7621
vn 0.3825 0.6043 0.6990
vn 0.5591 0.5883 0.5843
vn 0.7918 0.5634 0.2357
vn 0.8259 0.5634 0.0228
vn 0.8036 0.5634 -0.1918
vn 0.7266 0.5634 -0.3932
vn 0.6001 0.5634 -0.5679
vn 0.4327 0.5634 -0.7038
vn 0.2357 0.5634 -0.7918
vn 0.0228 0.5634 -0.8259
vn -0.1918 0.5634 -0.8036
vn -0.3932 0.5634 -0.7266
vn -0.5679 0.5634 -0.6001
vn -0.7038 0.5634 -0.4327
vn -0.7918 0.5634 -0.2357
vn -0.8259 0.5634 -0.0228
vn -0.8036 0.5634 0.1918
vn -0.7266 0.5634 0.3932
vn -0.6001 0.5634 0.5679
vn -0.4327 0.5634 0.7038
vn -0.2357 0.5634 0.7918
vn -0.0228 0.5634 0.8259
vn 0.1918 0.5634 0.8036
vn 0.3932 0.5634 0.7266
vn 0.5679 0.5634 0.6001
vn 0.7038 0.5634 0.4327
vn 0.7852 -0.5756 -0.2285
vn 0.8020 -0.3919 -0.4507
vn 0.7047 -0.0000 -0.7095
vn 0.4971 -0.0000 -0.8677
vn 0.2556 -0.0000 -0.9668
vn -0.0033 -0.0000 -1.0000
vn -0.2620 -0.0000 -0.9651
vn -0.5029 -0.0000 -0.8643
vn -0.7095 -0.0000 -0.7047
vn -0.5474 0.5002 -0.6710
vn -0.6383 -0.0000 -0.7698
vn -0.9914 -0.0000 -0.1305
vn -0.7055 0.6627 0.2512
vn -0.0328 0.9995 -0.0005
vn -0.0677 0.9973 0.0287
vn -0.0869 0.9934 0.0743
vn -0.0849 0.9879 0.1294
vn -0.0587 0.9809 0.1854
vn -0.0086 0.9724 0.2330
vn 0.0619 0.9626 0.2637
vn 0.1464 0.9516 0.2702
vn 0.2363 0.9395 0.2479
vn -0.0000 -1.0000 -0.0000
vn 0.8517 0.5238 0.0164
vn 0.8269 0.5238 -0.2046
vn 0.7457 0.5238 -0.4117
vn 0.6138 0.5238 -0.5906
vn 0.4400 0.5238 -0.7294
vn 0.2362 0.5238 -0.8184
vn 0.0164 0.5239 -0.8517
vn -0.2046 0.5239 -0.8269
vn -0.4117 0.5239 -0.7457
vn -0.5906 0.5239 -0.6138
vn -0.7294 0.5239 -0.4400
vn -0.8184 0.5238 -0.2362
vn -0.7458 0.5238 0.4117
vn -0.6138 0.5238 0.5906
vn -0.4400 0.5239 0.7294
vn -0.2362 0.5238 0.8184
vn -0.0164 0.5239 0.8517
vn 0.2046 0.5238 0.8269
vn 0.4117 0.5239 0.7457
vn 0.5906 0.5239 0.6138
vn 0.7294 0.5239 0.4400
vn 0.8184 0.5238 0.2362
vn 0.6138 0.5238 -0.5907
vn 0.0164 0.5238 -0.8517
vn -0.2046 0.5238 -0.8269
vn -0.4117 0.5238 -0.7457
vn -0.8517 0.5238 -0.0163
vn -0.8269 0.5238 0.2046
vn -0.7457 0.5239 0.4117
vn -0.6138 0.5239 0.5906
vn -0.4400 0.5238 0.7294
vn -0.0163 0.5238 0.8517
vn 0.5907 0.5238 0.6138
vn 0.7294 0.5238 0.4400
vn 0.8269 0.5239 -0.2046
vn 0.7457 0.5239 -0.4117
vn 0.2362 0.5239 -0.8184
vn 0.0163 0.5238 -0.8517
vn -0.5907 0.5238 -0.6138
vn -0.7294 0.5238 -0.4400
vn -0.2362 0.5239 0.8184
vn -0.0164 0.5238 0.8517
vn 0.4117 0.5238 0.7457
vn 0.8184 0.5239 0.2362
vn -0.8184 0.5239 -0.2362
vn -0.7457 0.5238 0.4117
vn -0.6138 0.5238 0.5907
vn 0.2046 0.5239 0.8269
vn 0.4400 0.5239 -0.7294
vn -0.7141 0.4725 -0.5165
vn -0.9163 0.2147 -0.3382
vn -0.1830 -0.7071 -0.6830
vn -0.0000 -0.7071 -0.7071
vn 0.3536 -0.7071 -0.6124
vn 0.1830 -0.7071 -0.6830
vn 0.7071 -0.7071 -0.0000
vn 0.6830 -0.7071 0.1830
vn -0.0000 -0.7071 0.7071
vn 0.1830 -0.7071 0.6830
vn -0.6830 -0.7071 0.1830
vn -0.6124 -0.7071 0.3536
vn -0.3536 -0.7071 -0.6124
vn -0.5000 -0.7071 -0.5000
vn 0.6124 -0.7071 -0.3536
vn 0.6830 -0.7071 -0.1830
vn 0.3536 -0.7071 0.6124
vn 0.5000 -0.7071 0.5000
vn -0.5000 -0.7071 0.5000
vn -0.3536 -0.7071 0.6124
vn -0.6124 -0.7071 -0.3536
vn -0.6830 -0.7071 -0.1830
vn 0.5000 -0.7071 -0.5000
vn 0.8305 -0.2888 0.4762
vn 0.8074 -0.5485 0.2176
vn -0.1830 -0.7071 0.6830
vn 0.6124 -0.7071 0.3536
vn -0.8660 -0.0000 -0.5000
vn -0.7071 -0.0000 -0.7071
vn -0.5000 -0.0000 -0.8660
vn -0.2588 -0.0000 -0.9659
vn 0.2588 -0.0000 -0.9659
vn 0.5000 -0.0000 -0.8660
vn -0.9848 0.0122 -0.1735
vn 0.3548 -0.9292 -0.1034
vn 0.4020 -0.9153 -0.0228
vn 0.8660 -0.0000 0.5000
vn -0.8660 -0.0000 0.5000
vn -0.7071 -0.0000 0.7071
vn -0.5000 -0.0000 0.8660
vn -0.2588 -0.0000 0.9659
vn 0.2588 -0.0000 0.9659
vn 0.5000 -0.0000 0.8660
vn 0.7071 -0.0000 0.7071
vn -0.9659 -0.0000 0.2588
vn 0.2557 -0.9357 -0.2433
vn 0.1622 -0.9481 -0.2735
vn 0.0715 -0.9595 -0.2726
vn -0.0068 -0.9696 -0.2444
vn -0.0651 -0.9785 -0.1957
vn -0.0986 -0.9859 -0.1352
vn -0.1056 -0.9918 -0.0726
vn -0.0881 -0.9960 -0.0175
vn 0.0310 0.9994 0.0129
vn 0.9659 -0.0000 0.2588
vn 0.7934 -0.0000 -0.6088
vn 0.8660 -0.0000 -0.5000
vn 0.9659 -0.0000 -0.2588
vn 0.6088 -0.0000 -0.7934
vn 0.3205 -0.9379 -0.1327
vn 0.9239 -0.0000 0.3827
vn 0.2471 -0.9502 -0.1896
vn 0.1673 -0.9615 -0.2180
vn 0.0906 -0.9716 -0.2188
vn 0.0258 -0.9803 -0.1961
vn -0.0206 -0.9875 -0.1564
vn -0.0447 -0.9931 -0.1080
vn -0.0459 -0.9972 -0.0598
vn -0.0267 -0.9994 -0.0205
vt 0.625000 0.750000
vt 0.625000 1.000000
vt 0.375000 1.000000
vt 0.375000 0.750000
vt 0.625000 0.000000
vt 0.375000 0.250000
vt 0.375000 0.000000
vt 0.625000 0.500000
vt 0.375000 0.500000
vt 0.625000 0.250000
vt 1.500000 0.095000
vt 0.541667 0.000000
vt 1.541667 0.095000
vt 0.958333 0.095000
vt 0.916667 0.050000
vt 0.000000 0.000000
vt 0.500000 0.000000
vt 0.541667 0.045000
vt 0.583333 0.045000
vt 0.583333 0.000000
vt 0.625000 0.045000
vt 0.666667 0.045000
vt 0.666667 0.000000
vt 0.708333 0.045000
vt 0.708333 0.000000
vt 0.750000 0.045000
vt 0.750000 0.000000
vt 0.791667 0.045000
vt 0.791667 0.000000
vt 0.833333 0.045000
vt 0.833333 0.000000
vt 0.875000 0.045000
vt 0.875000 0.000000
vt 0.916667 0.045000
vt 0.916667 0.000000
vt 0.958333 0.045000
vt 0.958333 0.000000
vt 1.000000 0.045000
vt 1.000000 0.000000
vt 1.041667 0.045000
vt 1.041667 0.000000
vt 1.083333 0.045000
vt 1.083333 0.000000
vt 1.125000 0.045000
vt 1.125000 0.000000
vt 1.166667 0.045000
vt 1.166667 0.000000
vt 1.208333 0.045000
vt 1.208333 0.000000
vt 1.250000 0.045000
vt 1.250000 0.000000
vt 1.291667 0.045000
vt 1.291667 0.000000
vt 1.333333 0.045000
vt 1.333333 0.000000
vt 1.375000 0.045000
vt 1.375000 0.000000
vt 1.416667 0.045000
vt 1.416667 0.000000
vt 1.458333 0.045000
vt 1.458333 0.000000
vt 1.500000 0.045000
vt 1.500000 0.000000
vt 1.541667 0.045000
vt 1.541667 0.000000
vt 1.583333 0.045000
vt 1.583333 0.000000
vt 1.625000 0.045000
vt 1.625000 0.000000
vt 1.666667 0.045000
vt 1.666667 0.000000
vt 1.708333 0.045000
vt 1.708333 0.000000
vt 1.750000 0.045000
vt 1.750000 0.000000
vt 1.791667 0.045000
vt 1.791667 0.000000
vt 1.833333 0.045000
vt 1.833333 0.000000
vt 1.875000 0.045000
vt 1.875000 0.000000
vt 1.916667 0.045000
vt 1.916667 0.000000
vt 1.958333 0.045000
vt 1.958333 0.000000
vt 2.000000 0.045000
vt 2.000000 0.000000
vt 2.041667 0.045000
vt 2.041667 0.000000
vt 2.083333 0.045000
vt 2.083333 0.000000
vt 2.125000 0.045000
vt 2.125000 0.000000
vt 2.166667 0.045000
vt 2.166667 0.000000
vt 2.208333 0.045000
vt 2.208333 0.000000
vt 2.250000 0.045000
vt 2.250000 0.000000
vt 2.291667 0.045000
vt 2.291667 0.000000
vt 2.333333 0.045000
vt 2.333333 0.000000
vt 2.375000 0.045000
vt 2.375000 0.000000
vt 2.416667 0.045000
vt 2.416667 0.000000
vt 2.458333 0.045000
vt 2.458333 0.000000
vt 2.500000 0.045000
vt 2.500000 0.000000
vt 2.541667 0.045000
vt 2.541667 0.000000
vt 2.583333 0.045000
vt 2.583333 0.000000
vt 2.625000 0.045000
vt 2.625000 0.000000
vt 2.666667 0.045000
vt 2.666667 0.000000
vt 2.708333 0.045000
vt 2.708333 0.000000
vt 2.750000 0.045000
vt 2.750000 0.000000
vt 2.791667 0.045000
vt 2.791667 0.000000
vt 2.833333 0.045000
vt 2.833333 0.000000
vt 2.875000 0.045000
vt 2.875000 0.000000
vt 2.916667 0.045000
vt 2.916667 0.000000
vt 2.958333 0.045000
vt 2.958333 0.000000
vt 3.000000 0.045000
vt 3.000000 0.000000
vt 3.041667 0.045000
vt 3.041667 0.000000
vt 3.083333 0.045000
vt 3.083333 0.000000
vt 3.125000 0.045000
vt 3.125000 0.000000
vt 3.166667 0.045000
vt 3.166667 0.000000
vt 3.208333 0.045000
vt 3.208333 0.000000
vt 3.250000 0.045000
vt 3.250000 0.000000
vt 3.291667 0.045000
vt 3.291667 0.000000
vt 3.333333 0.045000
vt 3.333333 0.000000
vt 3.375000 0.045000
vt 3.375000 0.000000
vt 3.416667 0.045000
vt 3.416667 0.000000
vt 3.458333 0.045000
vt 3.458333 0.000000
vt 3.500000 0.045000
vt 3.500000 0.000000
vt 3.541667 0.045000
vt 3.541667 0.000000
vt 3.583333 0.045000
vt 3.583333 0.000000
vt 3.625000 0.045000
vt 3.625000 0.000000
vt 3.666667 0.045000
vt 3.666667 0.000000
vt 3.708333 0.045000
vt 3.708333 0.000000
vt 3.750000 0.045000
vt 3.750000 0.000000
vt 3.791667 0.045000
vt 3.791667 0.000000
vt 3.833333 0.045000
vt 3.833333 0.000000
vt 3.875000 0.045000
vt 3.875000 0.000000
vt 3.916667 0.045000
vt 3.916667 0.000000
vt 3.958333 0.045000
vt 3.958333 0.000000
vt 4.000000 0.045000
vt 4.000000 0.000000
vt 4.041667 0.045000
vt 4.041667 0.000000
vt 4.083333 0.045000
vt 4.083333 0.000000
vt 4.125000 0.045000
vt 4.125000 0.000000
vt 4.166667 0.045000
vt 4.166667 0.000000
vt 4.208333 0.045000
vt 4.208333 0.000000
vt 4.250000 0.045000
vt 4.250000 0.000000
vt 4.291667 0.045000
vt 4.291667 0.000000
vt 4.333333 0.045000
vt 4.333333 0.000000
vt 4.375000 0.045000
vt 4.375000 0.000000
vt 4.416667 0.045000
vt 4.416667 0.000000
vt 4.458333 0.045000
vt 4.458333 0.000000
vt 4.500000 0.045000
vt 4.500000 0.000000
vt 4.541667 0.045000
vt 4.541667 0.000000
vt 4.583333 0.045000
vt 4.583333 0.000000
vt 4.625000 0.045000
vt 4.625000 0.000000
vt 4.666667 0.045000
vt 4.666667 0.000000
vt 4.708333 0.045000
vt 4.708333 0.000000
vt 4.750000 0.045000
vt 4.750000 0.000000
vt 4.791667 0.045000
vt 4.791667 0.000000
vt 4.833333 0.045000
vt 4.833333 0.000000
vt 4.875000 0.045000
vt 4.875000 0.000000
vt 4.916667 0.045000
vt 4.916667 0.000000
vt 4.958333 0.045000
vt 4.958333 0.000000
vt 0.500000 0.045000
vt 0.541667 0.050000
vt 0.583333 0.050000
vt 0.625000 0.050000
vt 0.666667 0.050000
vt 0.708333 0.050000
vt 0.750000 0.050000
vt 0.791667 0.050000
vt 0.833333 0.050000
vt 0.875000 0.050000
vt 0.958333 0.050000
vt 1.000000 0.050000
vt 1.041667 0.050000
vt 1.083333 0.050000
vt 1.125000 0.050000
vt 1.166667 0.050000
vt 1.208333 0.050000
vt 1.250000 0.050000
vt 1.291667 0.050000
vt 1.333333 0.050000
vt 1.375000 0.050000
vt 1.416667 0.050000
vt 1.458333 0.050000
vt 1.500000 0.050000
vt 1.541667 0.050000
vt 1.583333 0.050000
vt 1.625000 0.050000
vt 1.666667 0.050000
vt 1.708333 0.050000
vt 1.750000 0.050000
vt 1.791667 0.050000
vt 1.833333 0.050000
vt 1.875000 0.050000
vt 1.916667 0.050000
vt 1.958333 0.050000
vt 2.000000 0.050000
vt 2.041667 0.050000
vt 2.083333 0.050000
vt 2.125000 0.050000
vt 2.166667 0.050000
vt 2.208333 0.050000
vt 2.250000 0.050000
vt 2.291667 0.050000
vt 2.333333 0.050000
vt 2.375000 0.050000
vt 2.416667 0.050000
vt 2.458333 0.050000
vt 2.500000 0.050000
vt 2.541667 0.050000
vt 2.583333 0.050000
vt 2.625000 0.050000
vt 2.666667 0.050000
vt 2.708333 0.050000
vt 2.750000 0.050000
vt 2.791667 0.050000
vt 2.833333 0.050000
vt 2.875000 0.050000
vt 2.916667 0.050000
vt 2.958333 0.050000
vt 3.000000 0.050000
vt 3.041667 0.050000
vt 3.083333 0.050000
vt 3.125000 0.050000
vt 3.166667 0.050000
vt 3.208333 0.050000
vt 3.250000 0.050000
vt 3.291667 0.050000
vt 3.333333 0.050000
vt 3.375000 0.050000
vt 3.416667 0.050000
vt 3.458333 0.050000
vt 3.500000 0.050000
vt 3.541667 0.050000
vt 3.583333 0.050000
vt 3.625000 0.050000
vt 3.666667 0.050000
vt 3.708333 0.050000
vt 3.750000 0.050000
vt 3.791667 0.050000
vt 3.833333 0.050000
vt 3.875000 0.050000
vt 3.916667 0.050000
vt 3.958333 0.050000
vt 4.000000 0.050000
vt 4.041667 0.050000
vt 4.083333 0.050000
vt 4.125000 0.050000
vt 4.166667 0.050000
vt 4.208333 0.050000
vt 4.250000 0.050000
vt 4.291667 0.050000
vt 4.333333 0.050000
vt 4.375000 0.050000
vt 4.416667 0.050000
vt 4.458333 0.050000
vt 4.500000 0.050000
vt 4.541667 0.050000
vt 4.583333 0.050000
vt 4.625000 0.050000
vt 4.666667 0.050000
vt 4.708333 0.050000
vt 4.750000 0.050000
vt 4.791667 0.050000
vt 4.833333 0.050000
vt 4.875000 0.050000
vt 4.916667 0.050000
vt 4.958333 0.050000
vt 5.000000 0.050000
vt 5.000000 0.045000
vt 5.041667 0.050000
vt 5.041667 0.045000
vt 5.083333 0.050000
vt 5.083333 0.045000
vt 5.125000 0.050000
vt 5.125000 0.045000
vt 5.166667 0.050000
vt 5.166667 0.045000
vt 5.208333 0.050000
vt 5.208333 0.045000
vt 5.250000 0.050000
vt 5.250000 0.045000
vt 5.291667 0.050000
vt 5.291667 0.045000
vt 5.333333 0.050000
vt 5.333333 0.045000
vt 5.375000 0.050000
vt 5.375000 0.045000
vt 5.416667 0.050000
vt 5.416667 0.045000
vt 0.500000 0.050000
vt 1.000000 0.095000
vt 1.041667 0.095000
vt 1.083333 0.095000
vt 1.125000 0.095000
vt 1.166667 0.095000
vt 1.208333 0.095000
vt 1.250000 0.095000
vt 1.291667 0.095000
vt 1.333333 0.095000
vt 1.375000 0.095000
vt 1.416667 0.095000
vt 1.458333 0.095000
vt 1.583333 0.095000
vt 1.625000 0.095000
vt 1.666667 0.095000
vt 1.708333 0.095000
vt 1.750000 0.095000
vt 1.791667 0.095000
vt 1.833333 0.095000
vt 1.875000 0.095000
vt 1.916667 0.095000
vt 1.958333 0.095000
vt 2.000000 0.095000
vt 2.041667 0.095000
vt 2.083333 0.095000
vt 2.125000 0.095000
vt 2.166667 0.095000
vt 2.208333 0.095000
vt 2.250000 0.095000
vt 2.291667 0.095000
vt 2.333333 0.095000
vt 2.375000 0.095000
vt 2.416667 0.095000
vt 2.458333 0.095000
vt 2.500000 0.095000
vt 2.541667 0.095000
vt 2.583333 0.095000
vt 2.625000 0.095000
vt 2.666667 0.095000
vt 2.708333 0.095000
vt 2.750000 0.095000
vt 2.791667 0.095000
vt 2.833333 0.095000
vt 2.875000 0.095000
vt 2.916667 0.095000
vt 2.958333 0.095000
vt 3.000000 0.095000
vt 3.041667 0.095000
vt 3.083333 0.095000
vt 3.125000 0.095000
vt 3.166667 0.095000
vt 3.208333 0.095000
vt 3.250000 0.095000
vt 3.291667 0.095000
vt 3.333333 0.095000
vt 3.375000 0.095000
vt 3.416667 0.095000
vt 3.458333 0.095000
vt 3.500000 0.095000
vt 3.541667 0.095000
vt 3.583333 0.095000
vt 3.625000 0.095000
vt 3.666667 0.095000
vt 3.708333 0.095000
vt 3.750000 0.095000
vt 3.791667 0.095000
vt 3.833333 0.095000
vt 3.875000 0.095000
vt 3.916667 0.095000
vt 3.958333 0.095000
vt 4.000000 0.095000
vt 4.041667 0.095000
vt 4.083333 0.095000
vt 4.125000 0.095000
vt 4.166667 0.095000
vt 4.208333 0.095000
vt 4.250000 0.095000
vt 4.291667 0.095000
vt 4.333333 0.095000
vt 4.375000 0.095000
vt 4.416667 0.095000
vt 4.458333 0.095000
vt 4.500000 0.095000
vt 4.541667 0.095000
vt 4.583333 0.095000
vt 4.625000 0.095000
vt 4.666667 0.095000
vt 4.708333 0.095000
vt 4.750000 0.095000
vt 4.791667 0.095000
vt 4.833333 0.095000
vt 4.875000 0.095000
vt 4.916667 0.095000
vt 4.958333 0.095000
vt 5.000000 0.095000
vt 5.041667 0.095000
vt 5.083333 0.095000
vt 5.125000 0.095000
vt 5.166667 0.095000
vt 5.208333 0.095000
vt 5.250000 0.095000
vt 5.291667 0.095000
vt 5.333333 0.095000
vt 5.375000 0.095000
vt 5.416667 0.095000
s 0
usemtl Material
f 3/1/1 10/2/1 7/2/1
f 3/1/2 8/3/2 4/4/2
f 7/5/3 6/6/3 8/7/3
f 1/8/4 4/4/4 2/9/4
f 5/10/5 2/9/5 6/6/5
f 12/10/2 15/8/2 11/8/2
f 7/5/1 12/10/1 5/10/1
f 1/8/1 9/1/1 3/1/1
f 5/10/1 11/8/1 1/8/1
f 11/8/3 13/1/3 9/1/3
f 10/5/4 16/10/4 12/10/4
f 9/1/5 14/2/5 10/2/5
s 1
f 162/11/6 67/12/7 166/13/8
f 110/14/9 105/15/10 56/16/11
f 54/16/12 536/16/13 53/16/14
f 63/17/15 68/18/16 67/12/7
f 67/12/7 72/19/17 71/20/18
f 71/20/18 76/21/19 75/5/20
f 75/5/20 80/22/21 79/23/22
f 79/23/22 84/24/23 83/25/24
f 83/25/24 88/26/25 87/27/26
f 87/27/26 92/28/27 91/29/28
f 91/29/28 96/30/29 95/31/30
f 95/31/30 100/32/31 99/33/32
f 99/33/32 104/34/33 103/35/34
f 103/35/34 108/36/35 107/37/36
f 107/37/36 112/38/37 111/39/38
f 111/39/38 116/40/39 115/41/40
f 115/41/40 120/42/41 119/43/42
f 119/43/42 124/44/43 123/45/44
f 123/45/44 128/46/45 127/47/46
f 127/47/46 132/48/47 131/49/48
f 131/49/48 136/50/49 135/51/50
f 135/51/50 140/52/51 139/53/52
f 139/53/52 144/54/53 143/55/54
f 143/55/54 148/56/55 147/57/56
f 147/57/56 152/58/57 151/59/58
f 151/59/58 156/60/59 155/61/60
f 155/61/60 160/62/61 159/63/62
f 159/63/62 164/64/16 163/65/63
f 163/65/63 168/66/17 167/67/64
f 167/67/64 172/68/19 171/69/65
f 171/69/65 176/70/21 175/71/66
f 175/71/66 180/72/23 179/73/67
f 179/73/67 184/74/25 183/75/68
f 183/75/68 188/76/27 187/77/28
f 187/77/28 192/78/29 191/79/30
f 191/79/30 196/80/31 195/81/69
f 195/81/69 200/82/33 199/83/70
f 199/83/70 204/84/35 203/85/71
f 203/85/71 208/86/37 207/87/38
f 207/87/38 212/88/39 211/89/72
f 211/89/72 216/90/41 215/91/73
f 215/91/73 220/92/43 219/93/74
f 219/93/74 224/94/45 223/95/46
f 223/95/46 228/96/47 227/97/48
f 227/97/48 232/98/49 231/99/75
f 231/99/75 236/100/51 235/101/52
f 235/101/52 240/102/53 239/103/76
f 239/103/76 244/104/55 243/105/77
f 243/105/77 248/106/57 247/107/78
f 247/107/78 252/108/59 251/109/60
f 251/109/60 256/110/61 255/111/62
f 255/111/62 260/112/16 259/113/7
f 259/113/7 264/114/17 263/115/64
f 263/115/64 268/116/19 267/117/79
f 267/117/79 272/118/21 271/119/22
f 271/119/22 276/120/23 275/121/24
f 275/121/24 280/122/25 279/123/26
f 279/123/26 284/124/27 283/125/28
f 283/125/28 288/126/29 287/127/80
f 287/127/80 292/128/31 291/129/32
f 291/129/32 296/130/33 295/131/70
f 295/131/70 300/132/35 299/133/36
f 299/133/36 304/134/37 303/135/38
f 303/135/38 308/136/39 307/137/40
f 307/137/40 312/138/41 311/139/73
f 311/139/73 316/140/43 315/141/44
f 315/141/44 320/142/45 319/143/46
f 319/143/46 324/144/47 323/145/48
f 323/145/48 328/146/49 327/147/50
f 327/147/50 332/148/51 331/149/52
f 331/149/52 336/150/53 335/151/76
f 335/151/76 340/152/55 339/153/56
f 339/153/56 344/154/57 343/155/58
f 343/155/58 348/156/59 347/157/60
f 347/157/60 352/158/61 351/159/62
f 351/159/62 356/160/16 355/161/63
f 355/161/63 360/162/17 359/163/18
f 359/163/18 364/164/19 363/165/20
f 363/165/20 368/166/21 367/167/22
f 367/167/22 372/168/23 371/169/24
f 371/169/24 376/170/25 375/171/26
f 375/171/26 380/172/27 379/173/28
f 379/173/28 384/174/29 383/175/30
f 383/175/30 388/176/31 387/177/32
f 387/177/32 392/178/33 391/179/34
f 391/179/34 396/180/35 395/181/36
f 395/181/36 400/182/37 399/183/38
f 399/183/38 404/184/39 403/185/40
f 403/185/40 408/186/41 407/187/42
f 407/187/42 412/188/43 411/189/74
f 411/189/74 416/190/45 415/191/46
f 415/191/46 420/192/47 419/193/48
f 419/193/48 424/194/49 423/195/50
f 423/195/50 428/196/51 427/197/52
f 427/197/52 432/198/53 431/199/54
f 431/199/54 436/200/55 435/201/77
f 435/201/77 440/202/57 439/203/58
f 439/203/58 444/204/59 443/205/60
f 443/205/60 448/206/61 447/207/81
f 447/207/81 452/208/16 451/209/63
f 451/209/63 456/210/17 455/211/18
f 455/211/18 460/212/19 459/213/20
f 459/213/20 464/214/21 463/215/66
f 463/215/66 468/216/23 467/217/24
f 467/217/24 472/218/25 471/219/26
f 471/219/26 476/220/27 475/221/28
f 475/221/28 480/222/29 479/223/30
f 479/223/30 484/224/31 483/225/32
f 483/225/32 488/226/33 487/227/70
f 487/227/70 492/228/35 491/229/82
f 64/230/83 69/231/84 68/18/16
f 68/18/16 73/232/85 72/19/17
f 72/19/17 77/233/86 76/21/19
f 76/21/19 81/234/87 80/22/21
f 80/22/21 85/235/88 84/24/23
f 84/24/23 89/236/89 88/26/25
f 88/26/25 93/237/90 92/28/27
f 92/28/27 97/238/91 96/30/29
f 96/30/29 101/239/92 100/32/31
f 100/32/31 105/15/10 104/34/33
f 104/34/33 109/240/93 108/36/35
f 108/36/35 113/241/94 112/38/37
f 112/38/37 117/242/95 116/40/39
f 116/40/39 121/243/96 120/42/41
f 120/42/41 125/244/97 124/44/43
f 124/44/43 129/245/98 128/46/45
f 128/46/45 133/246/99 132/48/47
f 132/48/47 137/247/100 136/50/49
f 136/50/49 141/248/101 140/52/51
f 140/52/51 145/249/102 144/54/53
f 144/54/53 149/250/103 148/56/55
f 148/56/55 153/251/104 152/58/57
f 152/58/57 157/252/105 156/60/59
f 156/60/59 161/253/106 160/62/61
f 160/62/61 165/254/107 164/64/16
f 164/64/16 169/255/108 168/66/17
f 168/66/17 173/256/109 172/68/19
f 172/68/19 177/257/110 176/70/21
f 176/70/21 181/258/111 180/72/23
f 180/72/23 185/259/112 184/74/25
f 184/74/25 189/260/113 188/76/27
f 188/76/27 193/261/114 192/78/29
f 192/78/29 197/262/115 196/80/31
f 196/80/31 201/263/116 200/82/33
f 200/82/33 205/264/93 204/84/35
f 204/84/35 209/265/94 208/86/37
f 208/86/37 213/266/95 212/88/39
f 212/88/39 217/267/96 216/90/41
f 216/90/41 221/268/97 220/92/43
f 220/92/43 225/269/98 224/94/45
f 224/94/45 229/270/99 228/96/47
f 228/96/47 233/271/100 232/98/49
f 232/98/49 237/272/101 236/100/51
f 236/100/51 241/273/102 240/102/53
f 240/102/53 245/274/103 244/104/55
f 244/104/55 249/275/104 248/106/57
f 248/106/57 253/276/105 252/108/59
f 252/108/59 257/277/106 256/110/61
f 256/110/61 261/278/107 260/112/16
f 260/112/16 265/279/108 264/114/17
f 264/114/17 269/280/109 268/116/19
f 268/116/19 273/281/110 272/118/21
f 272/118/21 277/282/111 276/120/23
f 276/120/23 281/283/112 280/122/25
f 280/122/25 285/284/113 284/124/27
f 284/124/27 289/285/114 288/126/29
f 288/126/29 293/286/115 292/128/31
f 292/128/31 297/287/116 296/130/33
f 296/130/33 301/288/93 300/132/35
f 300/132/35 305/289/94 304/134/37
f 304/134/37 309/290/95 308/136/39
f 308/136/39 313/291/96 312/138/41
f 312/138/41 317/292/97 316/140/43
f 316/140/43 321/293/98 320/142/45
f 320/142/45 325/294/99 324/144/47
f 324/144/47 329/295/100 328/146/49
f 328/146/49 333/296/101 332/148/51
f 332/148/51 337/297/102 336/150/53
f 336/150/53 341/298/103 340/152/55
f 340/152/55 345/299/104 344/154/57
f 344/154/57 349/300/105 348/156/59
f 348/156/59 353/301/106 352/158/61
f 352/158/61 357/302/107 356/160/16
f 356/160/16 361/303/108 360/162/17
f 360/162/17 365/304/109 364/164/19
f 364/164/19 369/305/110 368/166/21
f 368/166/21 373/306/111 372/168/23
f 372/168/23 377/307/112 376/170/25
f 376/170/25 381/308/113 380/172/27
f 380/172/27 385/309/114 384/174/29
f 384/174/29 389/310/115 388/176/31
f 388/176/31 393/311/116 392/178/33
f 392/178/33 397/312/93 396/180/35
f 396/180/35 401/313/94 400/182/37
f 400/182/37 405/314/95 404/184/39
f 404/184/39 409/315/96 408/186/41
f 408/186/41 413/316/97 412/188/43
f 412/188/43 417/317/98 416/190/45
f 416/190/45 421/318/99 420/192/47
f 420/192/47 425/319/100 424/194/49
f 424/194/49 429/320/101 428/196/51
f 428/196/51 433/321/102 432/198/53
f 432/198/53 437/322/103 436/200/55
f 436/200/55 441/323/104 440/202/57
f 440/202/57 445/324/105 444/204/59
f 444/204/59 449/325/106 448/206/61
f 448/206/61 453/326/107 452/208/16
f 452/208/16 457/327/108 456/210/17
f 456/210/17 461/328/109 460/212/19
f 460/212/19 465/329/110 464/214/21
f 464/214/21 469/330/111 468/216/23
f 468/216/23 473/331/112 472/218/25
f 472/218/25 477/332/113 476/220/27
f 476/220/27 481/333/114 480/222/29
f 480/222/29 485/334/115 484/224/31
f 484/224/31 489/335/116 488/226/33
f 488/226/33 493/336/93 492/228/35
f 492/228/35 496/337/94 495/338/37
f 495/338/37 499/339/95 498/340/117
f 498/340/117 502/341/96 501/342/118
f 501/342/118 505/343/97 504/344/119
f 504/344/119 508/345/98 507/346/120
f 507/346/120 511/347/99 510/348/121
f 510/348/121 514/349/100 513/350/122
f 513/350/122 517/351/101 516/352/123
f 516/352/123 520/353/102 519/354/124
f 519/354/124 523/355/103 522/356/125
f 522/356/125 526/357/126 525/358/127
f 54/16/12 53/16/14 491/229/128
f 65/359/129 30/16/130 69/231/84
f 69/231/84 28/16/131 73/232/85
f 73/232/85 26/16/132 77/233/86
f 77/233/86 24/16/133 81/234/87
f 81/234/87 22/16/134 85/235/88
f 85/235/88 20/16/135 89/236/89
f 89/236/89 62/16/136 93/237/90
f 93/237/90 60/16/137 97/238/91
f 97/238/91 58/16/138 101/239/92
f 101/239/92 56/16/11 105/15/10
s 0
f 78/16/139 533/16/139 541/16/139
s 1
f 109/240/93 114/360/140 113/241/94
f 113/241/94 118/361/141 117/242/95
f 117/242/95 122/362/142 121/243/96
f 121/243/96 126/363/143 125/244/97
f 125/244/97 130/364/144 129/245/98
f 129/245/98 134/365/145 133/246/99
f 133/246/99 138/366/146 137/247/100
f 137/247/100 142/367/147 141/248/101
f 141/248/101 146/368/148 145/249/102
f 145/249/102 150/369/149 149/250/103
f 149/250/103 154/370/150 153/251/104
f 153/251/104 158/371/151 157/252/105
f 157/252/105 162/11/6 161/253/106
f 161/253/106 166/13/8 165/254/107
f 165/254/107 170/372/152 169/255/108
f 169/255/108 174/373/153 173/256/109
f 173/256/109 178/374/154 177/257/110
f 177/257/110 182/375/155 181/258/111
f 181/258/111 186/376/156 185/259/112
f 185/259/112 190/377/157 189/260/113
f 189/260/113 194/378/158 193/261/114
f 193/261/114 198/379/159 197/262/115
f 197/262/115 202/380/160 201/263/116
f 201/263/116 206/381/161 205/264/93
f 205/264/93 210/382/140 209/265/94
f 209/265/94 214/383/141 213/266/95
f 213/266/95 218/384/142 217/267/96
f 217/267/96 222/385/162 221/268/97
f 221/268/97 226/386/144 225/269/98
f 225/269/98 230/387/145 229/270/99
f 229/270/99 234/388/163 233/271/100
f 233/271/100 238/389/164 237/272/101
f 237/272/101 242/390/165 241/273/102
f 241/273/102 246/391/149 245/274/103
f 245/274/103 250/392/150 249/275/104
f 249/275/104 254/393/151 253/276/105
f 253/276/105 258/394/166 257/277/106
f 257/277/106 262/395/167 261/278/107
f 261/278/107 266/396/168 265/279/108
f 265/279/108 270/397/169 269/280/109
f 269/280/109 274/398/170 273/281/110
f 273/281/110 278/399/155 277/282/111
f 277/282/111 282/400/171 281/283/112
f 281/283/112 286/401/157 285/284/113
f 285/284/113 290/402/158 289/285/114
f 289/285/114 294/403/172 293/286/115
f 293/286/115 298/404/173 297/287/116
f 297/287/116 302/405/161 301/288/93
f 301/288/93 306/406/140 305/289/94
f 305/289/94 310/407/174 309/290/95
f 309/290/95 314/408/175 313/291/96
f 313/291/96 318/409/162 317/292/97
f 317/292/97 322/410/144 321/293/98
f 321/293/98 326/411/176 325/294/99
f 325/294/99 330/412/177 329/295/100
f 329/295/100 334/413/164 333/296/101
f 333/296/101 338/414/165 337/297/102
f 337/297/102 342/415/178 341/298/103
f 341/298/103 346/416/179 345/299/104
f 345/299/104 350/417/151 349/300/105
f 349/300/105 354/418/166 353/301/106
f 353/301/106 358/419/8 357/302/107
f 357/302/107 362/420/168 361/303/108
f 361/303/108 366/421/153 365/304/109
f 365/304/109 370/422/154 369/305/110
f 369/305/110 374/423/180 373/306/111
f 373/306/111 378/424/181 377/307/112
f 377/307/112 382/425/157 381/308/113
f 381/308/113 386/426/182 385/309/114
f 385/309/114 390/427/172 389/310/115
f 389/310/115 394/428/173 393/311/116
f 393/311/116 398/429/183 397/312/93
f 397/312/93 402/430/140 401/313/94
f 401/313/94 406/431/141 405/314/95
f 405/314/95 410/432/175 409/315/96
f 409/315/96 414/433/162 413/316/97
f 413/316/97 418/434/144 417/317/98
f 417/317/98 422/435/145 421/318/99
f 421/318/99 426/436/163 425/319/100
f 425/319/100 430/437/147 429/320/101
f 429/320/101 434/438/148 433/321/102
f 433/321/102 438/439/149 437/322/103
f 437/322/103 442/440/150 441/323/104
f 441/323/104 446/441/184 445/324/105
f 445/324/105 450/442/6 449/325/106
f 449/325/106 454/443/167 453/326/107
f 453/326/107 458/444/185 457/327/108
f 457/327/108 462/445/186 461/328/109
f 461/328/109 466/446/154 465/329/110
f 465/329/110 470/447/180 469/330/111
f 469/330/111 474/448/181 473/331/112
f 473/331/112 478/449/187 477/332/113
f 477/332/113 482/450/182 481/333/114
f 481/333/114 486/451/172 485/334/115
f 485/334/115 490/452/160 489/335/116
f 489/335/116 494/453/183 493/336/93
f 493/336/93 497/454/140 496/337/94
f 496/337/94 500/455/141 499/339/95
f 499/339/95 503/456/142 502/341/96
f 502/341/96 506/457/143 505/343/97
f 505/343/97 509/458/188 508/345/98
f 508/345/98 512/459/145 511/347/99
f 511/347/99 515/460/177 514/349/100
f 514/349/100 518/461/164 517/351/101
f 517/351/101 521/462/165 520/353/102
f 520/353/102 524/463/178 523/355/103
f 523/355/103 527/464/189 526/357/126
f 447/207/81 33/16/190 443/205/60
f 443/205/60 527/464/189 439/203/58
f 527/464/189 33/16/190 526/357/126
f 525/358/127 526/357/126 33/16/190
f 61/16/191 106/16/192 541/16/191
f 23/16/193 102/16/194 21/16/194
f 31/16/195 78/16/196 82/16/195
f 43/16/197 529/16/198 41/16/198
f 52/16/199 534/16/200 51/16/200
f 59/16/201 539/16/202 57/16/202
f 27/16/203 86/16/204 90/16/203
f 39/16/205 70/16/206 37/16/206
f 49/16/207 532/16/208 47/16/208
f 54/16/12 538/16/209 537/16/210
f 23/16/193 94/16/211 98/16/193
f 35/16/212 78/16/196 33/16/213
f 21/16/194 106/16/192 19/16/192
f 45/16/214 530/16/197 43/16/197
f 52/16/199 536/16/13 535/16/199
f 59/16/201 541/16/191 540/16/201
f 31/16/195 86/16/204 29/16/204
f 39/16/205 529/16/198 66/16/205
f 51/16/200 533/16/207 49/16/207
f 57/16/202 538/16/209 55/16/209
f 27/16/203 94/16/211 25/16/211
f 35/16/212 70/16/206 74/16/215
f 47/16/208 531/16/214 45/16/214
f 230/387/145 135/51/50 234/388/163
f 226/386/144 131/49/48 230/387/145
f 222/385/162 127/47/46 226/386/144
f 218/384/142 123/45/44 222/385/162
f 214/383/141 119/43/42 218/384/142
f 210/382/140 115/41/40 214/383/141
f 206/381/161 111/39/38 210/382/140
f 202/380/160 107/37/36 206/381/161
f 198/379/159 103/35/34 202/380/160
f 194/378/158 99/33/32 198/379/159
f 190/377/157 95/31/30 194/378/158
f 186/376/156 91/29/28 190/377/157
f 182/375/155 87/27/26 186/376/156
f 178/374/154 83/25/24 182/375/155
f 174/373/153 79/23/22 178/374/154
f 170/372/152 75/5/20 174/373/153
f 166/13/8 71/20/18 170/372/152
f 254/393/151 159/63/62 258/394/166
f 250/392/150 155/61/60 254/393/151
f 246/391/149 151/59/58 250/392/150
f 242/390/165 147/57/56 246/391/149
f 238/389/164 143/55/54 242/390/165
f 234/388/163 139/53/52 238/389/164
f 302/405/161 207/87/38 306/406/140
f 298/404/173 203/85/71 302/405/161
f 294/403/172 199/83/70 298/404/173
f 290/402/158 195/81/69 294/403/172
f 286/401/157 191/79/30 290/402/158
f 282/400/171 187/77/28 286/401/157
f 278/399/155 183/75/68 282/400/171
f 274/398/170 179/73/67 278/399/155
f 270/397/169 175/71/66 274/398/170
f 266/396/168 171/69/65 270/397/169
f 262/395/167 167/67/64 266/396/168
f 258/394/166 163/65/63 262/395/167
f 350/417/151 255/111/62 354/418/166
f 346/416/179 251/109/60 350/417/151
f 342/415/178 247/107/78 346/416/179
f 338/414/165 243/105/77 342/415/178
f 334/413/164 239/103/76 338/414/165
f 330/412/177 235/101/52 334/413/164
f 326/411/176 231/99/75 330/412/177
f 322/410/144 227/97/48 326/411/176
f 318/409/162 223/95/46 322/410/144
f 314/408/175 219/93/74 318/409/162
f 310/407/174 215/91/73 314/408/175
f 306/406/140 211/89/72 310/407/174
f 150/369/149 36/16/216 154/370/150
f 146/368/148 38/16/217 150/369/149
f 142/367/147 40/16/218 146/368/148
f 138/366/146 42/16/219 142/367/147
f 134/365/145 44/16/5 138/366/146
f 130/364/144 46/16/220 134/365/145
f 126/363/143 48/16/221 130/364/144
f 154/370/150 34/16/222 158/371/151
f 158/371/151 63/17/15 162/11/6
f 63/17/15 34/16/222 64/230/83
f 34/16/222 65/359/129 64/230/83
f 34/16/222 32/16/1 65/359/129
f 501/342/118 52/16/223 498/340/117
f 498/340/117 53/16/224 495/338/37
f 495/338/37 491/229/82 492/228/35
f 491/229/82 55/16/225 487/227/70
f 459/213/20 27/16/226 455/211/18
f 463/215/66 25/16/227 459/213/20
f 467/217/24 23/16/228 463/215/66
f 471/219/26 21/16/229 467/217/24
f 475/221/28 19/16/2 471/219/26
f 479/223/30 61/16/230 475/221/28
f 483/225/32 59/16/231 479/223/30
f 487/227/70 57/16/232 483/225/32
f 455/211/18 29/16/233 451/209/63
s 0
f 504/344/234 51/16/234 501/342/234
f 507/346/235 49/16/235 504/344/235
f 510/348/236 47/16/236 507/346/236
f 513/350/237 45/16/237 510/348/237
f 516/352/238 43/16/238 513/350/238
f 519/354/239 41/16/239 516/352/239
f 522/356/240 39/16/240 519/354/240
f 525/358/241 37/16/241 522/356/241
s 1
f 35/16/212 33/16/213 525/358/242
f 451/209/63 31/16/3 447/207/81
f 110/14/9 56/16/11 547/16/243
f 543/16/244 122/362/142 544/16/245
f 398/429/183 303/135/38 402/430/140
f 544/16/245 118/361/141 545/16/246
f 545/16/246 114/360/140 546/16/4
f 546/16/4 110/14/9 547/16/243
f 394/428/173 299/133/36 398/429/183
f 390/427/172 295/131/70 394/428/173
f 386/426/182 291/129/32 390/427/172
f 382/425/157 287/127/80 386/426/182
f 378/424/181 283/125/28 382/425/157
f 374/423/180 279/123/26 378/424/181
f 370/422/154 275/121/24 374/423/180
f 366/421/153 271/119/22 370/422/154
f 362/420/168 267/117/79 366/421/153
f 358/419/8 263/115/64 362/420/168
f 354/418/166 259/113/7 358/419/8
f 446/441/184 351/159/62 450/442/6
f 442/440/150 347/157/60 446/441/184
f 438/439/149 343/155/58 442/440/150
f 434/438/148 339/153/56 438/439/149
f 430/437/147 335/151/76 434/438/148
f 426/436/163 331/149/52 430/437/147
f 422/435/145 327/147/50 426/436/163
f 418/434/144 323/145/48 422/435/145
f 414/433/162 319/143/46 418/434/144
f 410/432/175 315/141/44 414/433/162
f 406/431/141 311/139/73 410/432/175
f 402/430/140 307/137/40 406/431/141
f 524/463/178 439/203/58 527/464/189
f 521/462/165 435/201/77 524/463/178
f 518/461/164 431/199/54 521/462/165
f 515/460/177 427/197/52 518/461/164
f 512/459/145 423/195/50 515/460/177
f 509/458/188 419/193/48 512/459/145
f 506/457/143 415/191/46 509/458/188
f 503/456/142 411/189/74 506/457/143
f 500/455/141 407/187/42 503/456/142
f 497/454/140 403/185/40 500/455/141
f 494/453/183 399/183/38 497/454/140
f 490/452/160 395/181/36 494/453/183
f 486/451/172 391/179/34 490/452/160
f 482/450/182 387/177/32 486/451/172
f 478/449/187 383/175/30 482/450/182
f 474/448/181 379/173/28 478/449/187
f 470/447/180 375/171/26 474/448/181
f 466/446/154 371/169/24 470/447/180
f 462/445/186 367/167/22 466/446/154
f 458/444/185 363/165/20 462/445/186
f 454/443/167 359/163/18 458/444/185
f 450/442/6 355/161/63 454/443/167
s 0
f 42/16/1 44/16/1 4/16/1
f 30/16/1 32/16/1 18/16/1
f 2/16/1 20/16/1 17/16/1
f 4/16/1 543/16/1 544/16/1
f 3/1/1 9/1/1 10/2/1
f 3/1/2 7/2/2 8/3/2
f 7/5/3 5/10/3 6/6/3
f 1/8/4 3/1/4 4/4/4
f 5/10/5 1/8/5 2/9/5
f 12/10/2 16/10/2 15/8/2
f 7/5/1 10/5/1 12/10/1
f 1/8/1 11/8/1 9/1/1
f 5/10/1 12/10/1 11/8/1
f 11/8/3 15/8/3 13/1/3
f 10/5/4 14/5/4 16/10/4
f 9/1/5 13/1/5 14/2/5
s 1
f 162/11/6 63/17/15 67/12/7
f 110/14/9 109/240/93 105/15/10
f 54/16/12 537/16/210 536/16/13
f 63/17/15 64/230/83 68/18/16
f 67/12/7 68/18/16 72/19/17
f 71/20/18 72/19/17 76/21/19
f 75/5/20 76/21/19 80/22/21
f 79/23/22 80/22/21 84/24/23
f 83/25/24 84/24/23 88/26/25
f 87/27/26 88/26/25 92/28/27
f 91/29/28 92/28/27 96/30/29
f 95/31/30 96/30/29 100/32/31
f 99/33/32 100/32/31 104/34/33
f 103/35/34 104/34/33 108/36/35
f 107/37/36 108/36/35 112/38/37
f 111/39/38 112/38/37 116/40/39
f 115/41/40 116/40/39 120/42/41
f 119/43/42 120/42/41 124/44/43
f 123/45/44 124/44/43 128/46/45
f 127/47/46 128/46/45 132/48/47
f 131/49/48 132/48/47 136/50/49
f 135/51/50 136/50/49 140/52/51
f 139/53/52 140/52/51 144/54/53
f 143/55/54 144/54/53 148/56/55
f 147/57/56 148/56/55 152/58/57
f 151/59/58 152/58/57 156/60/59
f 155/61/60 156/60/59 160/62/61
f 159/63/62 160/62/61 164/64/16
f 163/65/63 164/64/16 168/66/17
f 167/67/64 168/66/17 172/68/19
f 171/69/65 172/68/19 176/70/21
f 175/71/66 176/70/21 180/72/23
f 179/73/67 180/72/23 184/74/25
f 183/75/68 184/74/25 188/76/27
f 187/77/28 188/76/27 192/78/29
f 191/79/30 192/78/29 196/80/31
f 195/81/69 196/80/31 200/82/33
f 199/83/70 200/82/33 204/84/35
f 203/85/71 204/84/35 208/86/37
f 207/87/38 208/86/37 212/88/39
f 211/89/72 212/88/39 216/90/41
f 215/91/73 216/90/41 220/92/43
f 219/93/74 220/92/43 224/94/45
f 223/95/46 224/94/45 228/96/47
f 227/97/48 228/96/47 232/98/49
f 231/99/75 232/98/49 236/100/51
f 235/101/52 236/100/51 240/102/53
f 239/103/76 240/102/53 244/104/55
f 243/105/77 244/104/55 248/106/57
f 247/107/78 248/106/57 252/108/59
f 251/109/60 252/108/59 256/110/61
f 255/111/62 256/110/61 260/112/16
f 259/113/7 260/112/16 264/114/17
f 263/115/64 264/114/17 268/116/19
f 267/117/79 268/116/19 272/118/21
f 271/119/22 272/118/21 276/120/23
f 275/121/24 276/120/23 280/122/25
f 279/123/26 280/122/25 284/124/27
f 283/125/28 284/124/27 288/126/29
f 287/127/80 288/126/29 292/128/31
f 291/129/32 292/128/31 296/130/33
f 295/131/70 296/130/33 300/132/35
f 299/133/36 300/132/35 304/134/37
f 303/135/38 304/134/37 308/136/39
f 307/137/40 308/136/39 312/138/41
f 311/139/73 312/138/41 316/140/43
f 315/141/44 316/140/43 320/142/45
f 319/143/46 320/142/45 324/144/47
f 323/145/48 324/144/47 328/146/49
f 327/147/50 328/146/49 332/148/51
f 331/149/52 332/148/51 336/150/53
f 335/151/76 336/150/53 340/152/55
f 339/153/56 340/152/55 344/154/57
f 343/155/58 344/154/57 348/156/59
f 347/157/60 348/156/59 352/158/61
f 351/159/62 352/158/61 356/160/16
f 355/161/63 356/160/16 360/162/17
f 359/163/18 360/162/17 364/164/19
f 363/165/20 364/164/19 368/166/21
f 367/167/22 368/166/21 372/168/23
f 371/169/24 372/168/23 376/170/25
f 375/171/26 376/170/25 380/172/27
f 379/173/28 380/172/27 384/174/29
f 383/175/30 384/174/29 388/176/31
f 387/177/32 388/176/31 392/178/33
f 391/179/34 392/178/33 396/180/35
f 395/181/36 396/180/35 400/182/37
f 399/183/38 400/182/37 404/184/39
f 403/185/40 404/184/39 408/186/41
f 407/187/42 408/186/41 412/188/43
f 411/189/74 412/188/43 416/190/45
f 415/191/46 416/190/45 420/192/47
f 419/193/48 420/192/47 424/194/49
f 423/195/50 424/194/49 428/196/51
f 427/197/52 428/196/51 432/198/53
f 431/199/54 432/198/53 436/200/55
f 435/201/77 436/200/55 440/202/57
f 439/203/58 440/202/57 444/204/59
f 443/205/60 444/204/59 448/206/61
f 447/207/81 448/206/61 452/208/16
f 451/209/63 452/208/16 456/210/17
f 455/211/18 456/210/17 460/212/19
f 459/213/20 460/212/19 464/214/21
f 463/215/66 464/214/21 468/216/23
f 467/217/24 468/216/23 472/218/25
f 471/219/26 472/218/25 476/220/27
f 475/221/28 476/220/27 480/222/29
f 479/223/30 480/222/29 484/224/31
f 483/225/32 484/224/31 488/226/33
f 487/227/70 488/226/33 492/228/35
f 64/230/83 65/359/129 69/231/84
f 68/18/16 69/231/84 73/232/85
f 72/19/17 73/232/85 77/233/86
f 76/21/19 77/233/86 81/234/87
f 80/22/21 81/234/87 85/235/88
f 84/24/23 85/235/88 89/236/89
f 88/26/25 89/236/89 93/237/90
f 92/28/27 93/237/90 97/238/91
f 96/30/29 97/238/91 101/239/92
f 100/32/31 101/239/92 105/15/10
f 104/34/33 105/15/10 109/240/93
f 108/36/35 109/240/93 113/241/94
f 112/38/37 113/241/94 117/242/95
f 116/40/39 117/242/95 121/243/96
f 120/42/41 121/243/96 125/244/97
f 124/44/43 125/244/97 129/245/98
f 128/46/45 129/245/98 133/246/99
f 132/48/47 133/246/99 137/247/100
f 136/50/49 137/247/100 141/248/101
f 140/52/51 141/248/101 145/249/102
f 144/54/53 145/249/102 149/250/103
f 148/56/55 149/250/103 153/251/104
f 152/58/57 153/251/104 157/252/105
f 156/60/59 157/252/105 161/253/106
f 160/62/61 161/253/106 165/254/107
f 164/64/16 165/254/107 169/255/108
f 168/66/17 169/255/108 173/256/109
f 172/68/19 173/256/109 177/257/110
f 176/70/21 177/257/110 181/258/111
f 180/72/23 181/258/111 185/259/112
f 184/74/25 185/259/112 189/260/113
f 188/76/27 189/260/113 193/261/114
f 192/78/29 193/261/114 197/262/115
f 196/80/31 197/262/115 201/263/116
f 200/82/33 201/263/116 205/264/93
f 204/84/35 205/264/93 209/265/94
f 208/86/37 209/265/94 213/266/95
f 212/88/39 213/266/95 217/267/96
f 216/90/41 217/267/96 221/268/97
f 220/92/43 221/268/97 225/269/98
f 224/94/45 225/269/98 229/270/99
f 228/96/47 229/270/99 233/271/100
f 232/98/49 233/271/100 237/272/101
f 236/100/51 237/272/101 241/273/102
f 240/102/53 241/273/102 245/274/103
f 244/104/55 245/274/103 249/275/104
f 248/106/57 249/275/104 253/276/105
f 252/108/59 253/276/105 257/277/106
f 256/110/61 257/277/106 261/278/107
f 260/112/16 261/278/107 265/279/108
f 264/114/17 265/279/108 269/280/109
f 268/116/19 269/280/109 273/281/110
f 272/118/21 273/281/110 277/282/111
f 276/120/23 277/282/111 281/283/112
f 280/122/25 281/283/112 285/284/113
f 284/124/27 285/284/113 289/285/114
f 288/126/29 289/285/114 293/286/115
f 292/128/31 293/286/115 297/287/116
f 296/130/33 297/287/116 301/288/93
f 300/132/35 301/288/93 305/289/94
f 304/134/37 305/289/94 309/290/95
f 308/136/39 309/290/95 313/291/96
f 312/138/41 313/291/96 317/292/97
f 316/140/43 317/292/97 321/293/98
f 320/142/45 321/293/98 325/294/99
f 324/144/47 325/294/99 329/295/100
f 328/146/49 329/295/100 333/296/101
f 332/148/51 333/296/101 337/297/102
f 336/150/53 337/297/102 341/298/103
f 340/152/55 341/298/103 345/299/104
f 344/154/57 345/299/104 349/300/105
f 348/156/59 349/300/105 353/301/106
f 352/158/61 353/301/106 357/302/107
f 356/160/16 357/302/107 361/303/108
f 360/162/17 361/303/108 365/304/109
f 364/164/19 365/304/109 369/305/110
f 368/166/21 369/305/110 373/306/111
f 372/168/23 373/306/111 377/307/112
f 376/170/25 377/307/112 381/308/113
f 380/172/27 381/308/113 385/309/114
f 384/174/29 385/309/114 389/310/115
f 388/176/31 389/310/115 393/311/116
f 392/178/33 393/311/116 397/312/93
f 396/180/35 397/312/93 401/313/94
f 400/182/37 401/313/94 405/314/95
f 404/184/39 405/314/95 409/315/96
f 408/186/41 409/315/96 413/316/97
f 412/188/43 413/316/97 417/317/98
f 416/190/45 417/317/98 421/318/99
f 420/192/47 421/318/99 425/319/100
f 424/194/49 425/319/100 429/320/101
f 428/196/51 429/320/101 433/321/102
f 432/198/53 433/321/102 437/322/103
f 436/200/55 437/322/103 441/323/104
f 440/202/57 441/323/104 445/324/105
f 444/204/59 445/324/105 449/325/106
f 448/206/61 449/325/106 453/326/107
f 452/208/16 453/326/107 457/327/108
f 456/210/17 457/327/108 461/328/109
f 460/212/19 461/328/109 465/329/110
f 464/214/21 465/329/110 469/330/111
f 468/216/23 469/330/111 473/331/112
f 472/218/25 473/331/112 477/332/113
f 476/220/27 477/332/113 481/333/114
f 480/222/29 481/333/114 485/334/115
f 484/224/31 485/334/115 489/335/116
f 488/226/33 489/335/116 493/336/93
f 492/228/35 493/336/93 496/337/94
f 495/338/37 496/337/94 499/339/95
f 498/340/117 499/339/95 502/341/96
f 501/342/118 502/341/96 505/343/97
f 504/344/119 505/343/97 508/345/98
f 507/346/120 508/345/98 511/347/99
f 510/348/121 511/347/99 514/349/100
f 513/350/122 514/349/100 517/351/101
f 516/352/123 517/351/101 520/353/102
f 519/354/124 520/353/102 523/355/103
f 522/356/125 523/355/103 526/357/126
f 65/359/129 32/16/1 30/16/130
f 69/231/84 30/16/130 28/16/131
f 73/232/85 28/16/131 26/16/132
f 77/233/86 26/16/132 24/16/133
f 81/234/87 24/16/133 22/16/134
f 85/235/88 22/16/134 20/16/135
f 89/236/89 20/16/135 62/16/136
f 93/237/90 62/16/136 60/16/137
f 97/238/91 60/16/137 58/16/138
f 101/239/92 58/16/138 56/16/11
s 0
f 541/16/139 106/16/139 102/16/139
f 102/16/139 98/16/139 94/16/139
f 94/16/139 90/16/139 86/16/139
f 86/16/139 82/16/139 78/16/139
f 78/16/139 74/16/139 70/16/139
f 70/16/139 66/16/139 529/16/139
f 529/16/139 530/16/139 531/16/139
f 531/16/139 532/16/139 533/16/139
f 533/16/139 534/16/139 535/16/139
f 535/16/139 536/16/139 537/16/139
f 537/16/139 538/16/139 539/16/139
f 539/16/139 540/16/139 541/16/139
f 541/16/139 102/16/139 94/16/139
f 94/16/139 86/16/139 78/16/139
f 78/16/139 70/16/139 529/16/139
f 529/16/139 531/16/139 533/16/139
f 533/16/139 535/16/139 537/16/139
f 537/16/139 539/16/139 541/16/139
f 541/16/139 94/16/139 78/16/139
f 78/16/139 529/16/139 533/16/139
f 533/16/139 537/16/139 541/16/139
s 1
f 109/240/93 110/14/9 114/360/140
f 113/241/94 114/360/140 118/361/141
f 117/242/95 118/361/141 122/362/142
f 121/243/96 122/362/142 126/363/143
f 125/244/97 126/363/143 130/364/144
f 129/245/98 130/364/144 134/365/145
f 133/246/99 134/365/145 138/366/146
f 137/247/100 138/366/146 142/367/147
f 141/248/101 142/367/147 146/368/148
f 145/249/102 146/368/148 150/369/149
f 149/250/103 150/369/149 154/370/150
f 153/251/104 154/370/150 158/371/151
f 157/252/105 158/371/151 162/11/6
f 161/253/106 162/11/6 166/13/8
f 165/254/107 166/13/8 170/372/152
f 169/255/108 170/372/152 174/373/153
f 173/256/109 174/373/153 178/374/154
f 177/257/110 178/374/154 182/375/155
f 181/258/111 182/375/155 186/376/156
f 185/259/112 186/376/156 190/377/157
f 189/260/113 190/377/157 194/378/158
f 193/261/114 194/378/158 198/379/159
f 197/262/115 198/379/159 202/380/160
f 201/263/116 202/380/160 206/381/161
f 205/264/93 206/381/161 210/382/140
f 209/265/94 210/382/140 214/383/141
f 213/266/95 214/383/141 218/384/142
f 217/267/96 218/384/142 222/385/162
f 221/268/97 222/385/162 226/386/144
f 225/269/98 226/386/144 230/387/145
f 229/270/99 230/387/145 234/388/163
f 233/271/100 234/388/163 238/389/164
f 237/272/101 238/389/164 242/390/165
f 241/273/102 242/390/165 246/391/149
f 245/274/103 246/391/149 250/392/150
f 249/275/104 250/392/150 254/393/151
f 253/276/105 254/393/151 258/394/166
f 257/277/106 258/394/166 262/395/167
f 261/278/107 262/395/167 266/396/168
f 265/279/108 266/396/168 270/397/169
f 269/280/109 270/397/169 274/398/170
f 273/281/110 274/398/170 278/399/155
f 277/282/111 278/399/155 282/400/171
f 281/283/112 282/400/171 286/401/157
f 285/284/113 286/401/157 290/402/158
f 289/285/114 290/402/158 294/403/172
f 293/286/115 294/403/172 298/404/173
f 297/287/116 298/404/173 302/405/161
f 301/288/93 302/405/161 306/406/140
f 305/289/94 306/406/140 310/407/174
f 309/290/95 310/407/174 314/408/175
f 313/291/96 314/408/175 318/409/162
f 317/292/97 318/409/162 322/410/144
f 321/293/98 322/410/144 326/411/176
f 325/294/99 326/411/176 330/412/177
f 329/295/100 330/412/177 334/413/164
f 333/296/101 334/413/164 338/414/165
f 337/297/102 338/414/165 342/415/178
f 341/298/103 342/415/178 346/416/179
f 345/299/104 346/416/179 350/417/151
f 349/300/105 350/417/151 354/418/166
f 353/301/106 354/418/166 358/419/8
f 357/302/107 358/419/8 362/420/168
f 361/303/108 362/420/168 366/421/153
f 365/304/109 366/421/153 370/422/154
f 369/305/110 370/422/154 374/423/180
f 373/306/111 374/423/180 378/424/181
f 377/307/112 378/424/181 382/425/157
f 381/308/113 382/425/157 386/426/182
f 385/309/114 386/426/182 390/427/172
f 389/310/115 390/427/172 394/428/173
f 393/311/116 394/428/173 398/429/183
f 397/312/93 398/429/183 402/430/140
f 401/313/94 402/430/140 406/431/141
f 405/314/95 406/431/141 410/432/175
f 409/315/96 410/432/175 414/433/162
f 413/316/97 414/433/162 418/434/144
f 417/317/98 418/434/144 422/435/145
f 421/318/99 422/435/145 426/436/163
f 425/319/100 426/436/163 430/437/147
f 429/320/101 430/437/147 434/438/148
f 433/321/102 434/438/148 438/439/149
f 437/322/103 438/439/149 442/440/150
f 441/323/104 442/440/150 446/441/184
f 445/324/105 446/441/184 450/442/6
f 449/325/106 450/442/6 454/443/167
f 453/326/107 454/443/167 458/444/185
f 457/327/108 458/444/185 462/445/186
f 461/328/109 462/445/186 466/446/154
f 465/329/110 466/446/154 470/447/180
f 469/330/111 470/447/180 474/448/181
f 473/331/112 474/448/181 478/449/187
f 477/332/113 478/449/187 482/450/182
f 481/333/114 482/450/182 486/451/172
f 485/334/115 486/451/172 490/452/160
f 489/335/116 490/452/160 494/453/183
f 493/336/93 494/453/183 497/454/140
f 496/337/94 497/454/140 500/455/141
f 499/339/95 500/455/141 503/456/142
f 502/341/96 503/456/142 506/457/143
f 505/343/97 506/457/143 509/458/188
f 508/345/98 509/458/188 512/459/145
f 511/347/99 512/459/145 515/460/177
f 514/349/100 515/460/177 518/461/164
f 517/351/101 518/461/164 521/462/165
f 520/353/102 521/462/165 524/463/178
f 523/355/103 524/463/178 527/464/189
f 447/207/81 31/16/3 33/16/190
f 443/205/60 33/16/190 527/464/189
f 61/16/191 19/16/192 106/16/192
f 23/16/193 98/16/193 102/16/194
f 31/16/195 33/16/213 78/16/196
f 43/16/197 530/16/197 529/16/198
f 52/16/199 535/16/199 534/16/200
f 59/16/201 540/16/201 539/16/202
f 27/16/203 29/16/204 86/16/204
f 39/16/205 66/16/205 70/16/206
f 49/16/207 533/16/207 532/16/208
f 54/16/12 55/16/209 538/16/209
f 23/16/193 25/16/211 94/16/211
f 35/16/212 74/16/215 78/16/196
f 21/16/194 102/16/194 106/16/192
f 45/16/214 531/16/214 530/16/197
f 52/16/199 53/16/14 536/16/13
f 59/16/201 61/16/191 541/16/191
f 31/16/195 82/16/195 86/16/204
f 39/16/205 41/16/198 529/16/198
f 51/16/200 534/16/200 533/16/207
f 57/16/202 539/16/202 538/16/209
f 27/16/203 90/16/203 94/16/211
f 35/16/212 37/16/206 70/16/206
f 47/16/208 532/16/208 531/16/214
f 230/387/145 131/49/48 135/51/50
f 226/386/144 127/47/46 131/49/48
f 222/385/162 123/45/44 127/47/46
f 218/384/142 119/43/42 123/45/44
f 214/383/141 115/41/40 119/43/42
f 210/382/140 111/39/38 115/41/40
f 206/381/161 107/37/36 111/39/38
f 202/380/160 103/35/34 107/37/36
f 198/379/159 99/33/32 103/35/34
f 194/378/158 95/31/30 99/33/32
f 190/377/157 91/29/28 95/31/30
f 186/376/156 87/27/26 91/29/28
f 182/375/155 83/25/24 87/27/26
f 178/374/154 79/23/22 83/25/24
f 174/373/153 75/5/20 79/23/22
f 170/372/152 71/20/18 75/5/20
f 166/13/8 67/12/7 71/20/18
f 254/393/151 155/61/60 159/63/62
f 250/392/150 151/59/58 155/61/60
f 246/391/149 147/57/56 151/59/58
f 242/390/165 143/55/54 147/57/56
f 238/389/164 139/53/52 143/55/54
f 234/388/163 135/51/50 139/53/52
f 302/405/161 203/85/71 207/87/38
f 298/404/173 199/83/70 203/85/71
f 294/403/172 195/81/69 199/83/70
f 290/402/158 191/79/30 195/81/69
f 286/401/157 187/77/28 191/79/30
f 282/400/171 183/75/68 187/77/28
f 278/399/155 179/73/67 183/75/68
f 274/398/170 175/71/66 179/73/67
f 270/397/169 171/69/65 175/71/66
f 266/396/168 167/67/64 171/69/65
f 262/395/167 163/65/63 167/67/64
f 258/394/166 159/63/62 163/65/63
f 350/417/151 251/109/60 255/111/62
f 346/416/179 247/107/78 251/109/60
f 342/415/178 243/105/77 247/107/78
f 338/414/165 239/103/76 243/105/77
f 334/413/164 235/101/52 239/103/76
f 330/412/177 231/99/75 235/101/52
f 326/411/176 227/97/48 231/99/75
f 322/410/144 223/95/46 227/97/48
f 318/409/162 219/93/74 223/95/46
f 314/408/175 215/91/73 219/93/74
f 310/407/174 211/89/72 215/91/73
f 306/406/140 207/87/38 211/89/72
f 150/369/149 38/16/217 36/16/216
f 146/368/148 40/16/218 38/16/217
f 142/367/147 42/16/219 40/16/218
f 138/366/146 44/16/5 42/16/219
f 134/365/145 46/16/220 44/16/5
f 130/364/144 48/16/221 46/16/220
f 126/363/143 50/16/247 48/16/221
f 154/370/150 36/16/216 34/16/222
f 158/371/151 34/16/222 63/17/15
f 501/342/118 51/16/248 52/16/223
f 498/340/117 52/16/223 53/16/224
f 495/338/37 53/16/224 491/229/82
f 491/229/82 54/16/249 55/16/225
f 459/213/20 25/16/227 27/16/226
f 463/215/66 23/16/228 25/16/227
f 467/217/24 21/16/229 23/16/228
f 471/219/26 19/16/2 21/16/229
f 475/221/28 61/16/230 19/16/2
f 479/223/30 59/16/231 61/16/230
f 483/225/32 57/16/232 59/16/231
f 487/227/70 55/16/225 57/16/232
f 455/211/18 27/16/226 29/16/233
s 0
f 504/344/250 49/16/250 51/16/250
f 507/346/251 47/16/251 49/16/251
f 510/348/252 45/16/252 47/16/252
f 513/350/253 43/16/253 45/16/253
f 516/352/254 41/16/254 43/16/254
f 519/354/255 39/16/255 41/16/255
f 522/356/256 37/16/256 39/16/256
f 525/358/257 35/16/257 37/16/257
s 1
f 451/209/63 29/16/233 31/16/3
f 543/16/244 126/363/143 122/362/142
f 398/429/183 299/133/36 303/135/38
f 544/16/245 122/362/142 118/361/141
f 545/16/246 118/361/141 114/360/140
f 546/16/4 114/360/140 110/14/9
f 394/428/173 295/131/70 299/133/36
f 390/427/172 291/129/32 295/131/70
f 386/426/182 287/127/80 291/129/32
f 382/425/157 283/125/28 287/127/80
f 378/424/181 279/123/26 283/125/28
f 374/423/180 275/121/24 279/123/26
f 370/422/154 271/119/22 275/121/24
f 366/421/153 267/117/79 271/119/22
f 362/420/168 263/115/64 267/117/79
f 358/419/8 259/113/7 263/115/64
f 354/418/166 255/111/62 259/113/7
f 446/441/184 347/157/60 351/159/62
f 442/440/150 343/155/58 347/157/60
f 438/439/149 339/153/56 343/155/58
f 434/438/148 335/151/76 339/153/56
f 430/437/147 331/149/52 335/151/76
f 426/436/163 327/147/50 331/149/52
f 422/435/145 323/145/48 327/147/50
f 418/434/144 319/143/46 323/145/48
f 414/433/162 315/141/44 319/143/46
f 410/432/175 311/139/73 315/141/44
f 406/431/141 307/137/40 311/139/73
f 402/430/140 303/135/38 307/137/40
f 524/463/178 435/201/77 439/203/58
f 521/462/165 431/199/54 435/201/77
f 518/461/164 427/197/52 431/199/54
f 515/460/177 423/195/50 427/197/52
f 512/459/145 419/193/48 423/195/50
f 509/458/188 415/191/46 419/193/48
f 506/457/143 411/189/74 415/191/46
f 503/456/142 407/187/42 411/189/74
f 500/455/141 403/185/40 407/187/42
f 497/454/140 399/183/38 403/185/40
f 494/453/183 395/181/36 399/183/38
f 490/452/160 391/179/34 395/181/36
f 486/451/172 387/177/32 391/179/34
f 482/450/182 383/175/30 387/177/32
f 478/449/187 379/173/28 383/175/30
f 474/448/181 375/171/26 379/173/28
f 470/447/180 371/169/24 375/171/26
f 466/446/154 367/167/22 371/169/24
f 462/445/186 363/165/20 367/167/22
f 458/444/185 359/163/18 363/165/20
f 454/443/167 355/161/63 359/163/18
f 450/442/6 351/159/62 355/161/63
s 0
f 18/16/1 38/16/1 40/16/1
f 18/16/1 40/16/1 42/16/1
f 48/16/1 50/16/1 4/16/1
f 46/16/1 48/16/1 4/16/1
f 4/16/1 18/16/1 42/16/1
f 44/16/1 46/16/1 4/16/1
f 17/16/1 24/16/1 26/16/1
f 17/16/1 26/16/1 28/16/1
f 36/16/1 38/16/1 18/16/1
f 34/16/1 36/16/1 18/16/1
f 18/16/1 17/16/1 28/16/1
f 18/16/1 28/16/1 30/16/1
f 32/16/1 34/16/1 18/16/1
f 2/16/1 58/16/1 60/16/1
f 2/16/1 60/16/1 62/16/1
f 22/16/1 24/16/1 17/16/1
f 2/16/1 62/16/1 20/16/1
f 20/16/1 22/16/1 17/16/1
f 58/16/1 2/16/1 4/16/1
f 56/16/1 58/16/1 4/16/1
f 547/16/1 56/16/1 4/16/1
f 546/16/1 547/16/1 4/16/1
f 545/16/1 546/16/1 4/16/1
f 544/16/1 545/16/1 4/16/1
f 4/16/1 50/16/1 543/16/1
l 528 542
g Cube.001_Mesh
v 0.400000 0.050000 -0.050000
v 0.400000 0.100000 -0.050000
v 0.412941 0.050000 -0.048296
v 0.412941 0.100000 -0.048296
v 0.425000 0.050000 -0.043301
v 0.425000 0.100000 -0.043301
v 0.435355 0.050000 -0.035355
v 0.435355 0.100000 -0.035355
v 0.443301 0.050000 -0.025000
v 0.443301 0.100000 -0.025000
v 0.448296 0.050000 -0.012941
v 0.448296 0.100000 -0.012941
v 0.450000 0.050000 0.000000
v 0.450000 0.100000 0.000000
v 0.448296 0.050000 0.012941
v 0.448296 0.100000 0.012941
v 0.443301 0.050000 0.025000
v 0.443301 0.100000 0.025000
v 0.435355 0.050000 0.035355
v 0.435355 0.100000 0.035355
v 0.425000 0.050000 0.043301
v 0.425000 0.100000 0.043301
v 0.412941 0.050000 0.048296
v 0.412941 0.100000 0.048296
v 0.400000 0.050000 0.050000
v 0.400000 0.100000 0.050000
v 0.387059 0.050000 0.048296
v 0.387059 0.100000 0.048296
v 0.375000 0.050000 0.043301
v 0.375000 0.100000 0.043301
v 0.364645 0.050000 0.035355
v 0.364645 0.100000 0.035355
v 0.356699 0.050000 0.025000
v 0.351704 0.050000 0.012941
v 0.350000 0.050000 0.000000
v 0.351704 0.050000 -0.012941
v 0.356699 0.050000 -0.025000
v 0.356699 0.100000 -0.025000
v 0.364645 0.050000 -0.035355
v 0.364645 0.100000 -0.035355
v 0.375000 0.050000 -0.043301
v 0.375000 0.100000 -0.043301
v 0.387059 0.050000 -0.048296
v 0.387059 0.100000 -0.048296
v 0.450000 0.095000 -0.000000
v 0.440000 0.099500 -0.000000
v 0.440000 0.100000 -0.000000
v 0.412500 0.025000 0.021651
v 0.448296 0.094583 -0.012941
v 0.438637 0.099083 -0.010353
v 0.438637 0.099583 -0.010353
v 0.417678 0.025000 0.017678
v 0.443301 0.094167 -0.025000
v 0.434641 0.098667 -0.020000
v 0.434641 0.099167 -0.020000
v 0.421651 0.025000 0.012500
v 0.435355 0.093750 -0.035355
v 0.428284 0.098250 -0.028284
v 0.428284 0.098750 -0.028284
v 0.424148 0.025000 0.006470
v 0.425000 0.093333 -0.043301
v 0.420000 0.097833 -0.034641
v 0.420000 0.098333 -0.034641
v 0.425000 0.025000 -0.000000
v 0.412941 0.092917 -0.048296
v 0.410353 0.097417 -0.038637
v 0.410353 0.097917 -0.038637
v 0.424148 0.025000 -0.006470
v 0.400000 0.092500 -0.050000
v 0.400000 0.097000 -0.040000
v 0.400000 0.097500 -0.040000
v 0.421651 0.025000 -0.012500
v 0.387059 0.092083 -0.048296
v 0.389647 0.096583 -0.038637
v 0.389647 0.097083 -0.038637
v 0.417678 0.025000 -0.017678
v 0.375000 0.091667 -0.043301
v 0.380000 0.096167 -0.034641
v 0.380000 0.096667 -0.034641
v 0.412500 0.025000 -0.021651
v 0.364645 0.091250 -0.035355
v 0.371716 0.095750 -0.028284
v 0.371716 0.096250 -0.028284
v 0.406471 0.025000 -0.024148
v 0.356699 0.090833 -0.025000
v 0.365359 0.095333 -0.020000
v 0.365359 0.095833 -0.020000
v 0.400000 0.025000 -0.025000
v 0.351704 0.090417 -0.012941
v 0.361363 0.094917 -0.010353
v 0.361363 0.095417 -0.010353
v 0.351704 0.099917 -0.012941
v 0.350000 0.090000 0.000000
v 0.360000 0.094500 0.000000
v 0.360000 0.095000 0.000000
v 0.350000 0.099500 0.000000
v 0.351704 0.089583 0.012941
v 0.361363 0.094083 0.010353
v 0.361363 0.094583 0.010353
v 0.351704 0.099083 0.012941
v 0.356699 0.089167 0.025000
v 0.365359 0.093667 0.020000
v 0.365359 0.094167 0.020000
v 0.356699 0.098667 0.025000
v 0.364645 0.088750 0.035355
v 0.371716 0.093250 0.028284
v 0.371716 0.093750 0.028284
v 0.364645 0.098250 0.035355
v 0.375000 0.088333 0.043301
v 0.380000 0.092833 0.034641
v 0.380000 0.093333 0.034641
v 0.375000 0.097833 0.043301
v 0.387059 0.087917 0.048296
v 0.389647 0.092417 0.038637
v 0.389647 0.092917 0.038637
v 0.387059 0.097417 0.048296
v 0.400000 0.087500 0.050000
v 0.400000 0.092000 0.040000
v 0.400000 0.092500 0.040000
v 0.400000 0.097000 0.050000
v 0.412941 0.087083 0.048296
v 0.410353 0.091583 0.038637
v 0.410353 0.092083 0.038637
v 0.412941 0.096583 0.048296
v 0.425000 0.086667 0.043301
v 0.420000 0.091167 0.034641
v 0.420000 0.091667 0.034641
v 0.425000 0.096167 0.043301
v 0.435355 0.086250 0.035355
v 0.428284 0.090750 0.028284
v 0.428284 0.091250 0.028284
v 0.435355 0.095750 0.035355
v 0.443301 0.085833 0.025000
v 0.434641 0.090333 0.020000
v 0.434641 0.090833 0.020000
v 0.443301 0.095333 0.025000
v 0.448296 0.085417 0.012941
v 0.438637 0.089917 0.010353
v 0.438637 0.090417 0.010353
v 0.448296 0.094917 0.012941
v 0.450000 0.085000 -0.000000
v 0.440000 0.089500 -0.000000
v 0.440000 0.090000 -0.000000
v 0.450000 0.094500 -0.000000
v 0.448296 0.084583 -0.012941
v 0.438637 0.089083 -0.010353
v 0.438637 0.089583 -0.010353
v 0.448296 0.094083 -0.012941
v 0.443301 0.084167 -0.025000
v 0.434641 0.088667 -0.020000
v 0.434641 0.089167 -0.020000
v 0.443301 0.093667 -0.025000
v 0.435355 0.083750 -0.035355
v 0.428284 0.088250 -0.028284
v 0.428284 0.088750 -0.028284
v 0.435355 0.093250 -0.035355
v 0.425000 0.083333 -0.043301
v 0.420000 0.087833 -0.034641
v 0.420000 0.088333 -0.034641
v 0.425000 0.092833 -0.043301
v 0.412941 0.082917 -0.048296
v 0.410353 0.087417 -0.038637
v 0.410353 0.087917 -0.038637
v 0.412941 0.092417 -0.048296
v 0.400000 0.082500 -0.050000
v 0.400000 0.087000 -0.040000
v 0.400000 0.087500 -0.040000
v 0.400000 0.092000 -0.050000
v 0.387059 0.082083 -0.048296
v 0.389647 0.086583 -0.038637
v 0.389647 0.087083 -0.038637
v 0.387059 0.091583 -0.048296
v 0.375000 0.081667 -0.043301
v 0.380000 0.086167 -0.034641
v 0.380000 0.086667 -0.034641
v 0.375000 0.091167 -0.043301
v 0.364645 0.081250 -0.035355
v 0.371716 0.085750 -0.028284
v 0.371716 0.086250 -0.028284
v 0.364645 0.090750 -0.035355
v 0.356699 0.080833 -0.025000
v 0.365359 0.085333 -0.020000
v 0.365359 0.085833 -0.020000
v 0.356699 0.090333 -0.025000
v 0.351704 0.080417 -0.012941
v 0.361363 0.084917 -0.010353
v 0.361363 0.085417 -0.010353
v 0.351704 0.089917 -0.012941
v 0.350000 0.080000 0.000000
v 0.360000 0.084500 0.000000
v 0.360000 0.085000 0.000000
v 0.350000 0.089500 0.000000
v 0.351704 0.079583 0.012941
v 0.361363 0.084083 0.010353
v 0.361363 0.084583 0.010353
v 0.351704 0.089083 0.012941
v 0.356699 0.079167 0.025000
v 0.365359 0.083667 0.020000
v 0.365359 0.084167 0.020000
v 0.356699 0.088667 0.025000
v 0.364645 0.078750 0.035355
v 0.371716 0.083250 0.028284
v 0.371716 0.083750 0.028284
v 0.364645 0.088250 0.035355
v 0.375000 0.078333 0.043301
v 0.380000 0.082833 0.034641
v 0.380000 0.083333 0.034641
v 0.375000 0.087833 0.043301
v 0.387059 0.077917 0.048296
v 0.389647 0.082417 0.038637
v 0.389647 0.082917 0.038637
v 0.387059 0.087417 0.048296
v 0.400000 0.077500 0.050000
v 0.400000 0.082000 0.040000
v 0.400000 0.082500 0.040000
v 0.400000 0.087000 0.050000
v 0.412941 0.077083 0.048296
v 0.410353 0.081583 0.038637
v 0.410353 0.082083 0.038637
v 0.412941 0.086583 0.048296
v 0.425000 0.076667 0.043301
v 0.420000 0.081167 0.034641
v 0.420000 0.081667 0.034641
v 0.425000 0.086167 0.043301
v 0.435355 0.076250 0.035355
v 0.428284 0.080750 0.028284
v 0.428284 0.081250 0.028284
v 0.435355 0.085750 0.035355
v 0.443301 0.075833 0.025000
v 0.434641 0.080333 0.020000
v 0.434641 0.080833 0.020000
v 0.443301 0.085333 0.025000
v 0.448296 0.075417 0.012941
v 0.438637 0.079917 0.010353
v 0.438637 0.080417 0.010353
v 0.448296 0.084917 0.012941
v 0.450000 0.075000 -0.000000
v 0.440000 0.079500 -0.000000
v 0.440000 0.080000 -0.000000
v 0.450000 0.084500 -0.000000
v 0.448296 0.074583 -0.012941
v 0.438637 0.079083 -0.010353
v 0.438637 0.079583 -0.010353
v 0.448296 0.084083 -0.012941
v 0.443301 0.074167 -0.025000
v 0.434641 0.078667 -0.020000
v 0.434641 0.079167 -0.020000
v 0.443301 0.083667 -0.025000
v 0.435355 0.073750 -0.035355
v 0.428284 0.078250 -0.028284
v 0.428284 0.078750 -0.028284
v 0.435355 0.083250 -0.035355
v 0.425000 0.073333 -0.043301
v 0.420000 0.077833 -0.034641
v 0.420000 0.078333 -0.034641
v 0.425000 0.082833 -0.043301
v 0.412941 0.072917 -0.048296
v 0.410353 0.077417 -0.038637
v 0.410353 0.077917 -0.038637
v 0.412941 0.082417 -0.048296
v 0.400000 0.072500 -0.050000
v 0.400000 0.077000 -0.040000
v 0.400000 0.077500 -0.040000
v 0.400000 0.082000 -0.050000
v 0.387059 0.072083 -0.048296
v 0.389647 0.076583 -0.038637
v 0.389647 0.077083 -0.038637
v 0.387059 0.081583 -0.048296
v 0.375000 0.071667 -0.043301
v 0.380000 0.076167 -0.034641
v 0.380000 0.076667 -0.034641
v 0.375000 0.081167 -0.043301
v 0.364645 0.071250 -0.035355
v 0.371716 0.075750 -0.028284
v 0.371716 0.076250 -0.028284
v 0.364645 0.080750 -0.035355
v 0.356699 0.070833 -0.025000
v 0.365359 0.075333 -0.020000
v 0.365359 0.075833 -0.020000
v 0.356699 0.080333 -0.025000
v 0.351704 0.070417 -0.012941
v 0.361363 0.074917 -0.010353
v 0.361363 0.075417 -0.010353
v 0.351704 0.079917 -0.012941
v 0.350000 0.070000 0.000000
v 0.360000 0.074500 0.000000
v 0.360000 0.075000 0.000000
v 0.350000 0.079500 0.000000
v 0.351704 0.069583 0.012941
v 0.361363 0.074083 0.010353
v 0.361363 0.074583 0.010353
v 0.351704 0.079083 0.012941
v 0.356699 0.069167 0.025000
v 0.365359 0.073667 0.020000
v 0.365359 0.074167 0.020000
v 0.356699 0.078667 0.025000
v 0.364645 0.068750 0.035355
v 0.371716 0.073250 0.028284
v 0.371716 0.073750 0.028284
v 0.364645 0.078250 0.035355
v 0.375000 0.068333 0.043301
v 0.380000 0.072833 0.034641
v 0.380000 0.073333 0.034641
v 0.375000 0.077833 0.043301
v 0.387059 0.067917 0.048296
v 0.389647 0.072417 0.038637
v 0.389647 0.072917 0.038637
v 0.387059 0.077417 0.048296
v 0.400000 0.067500 0.050000
v 0.400000 0.072000 0.040000
v 0.400000 0.072500 0.040000
v 0.400000 0.077000 0.050000
v 0.412941 0.067083 0.048296
v 0.410353 0.071583 0.038637
v 0.410353 0.072083 0.038637
v 0.412941 0.076583 0.048296
v 0.425000 0.066667 0.043301
v 0.420000 0.071167 0.034641
v 0.420000 0.071667 0.034641
v 0.425000 0.076167 0.043301
v 0.435355 0.066250 0.035355
v 0.428284 0.070750 0.028284
v 0.428284 0.071250 0.028284
v 0.435355 0.075750 0.035355
v 0.443301 0.065833 0.025000
v 0.434641 0.070333 0.020000
v 0.434641 0.070833 0.020000
v 0.443301 0.075333 0.025000
v 0.448296 0.065417 0.012941
v 0.438637 0.069917 0.010353
v 0.438637 0.070417 0.010353
v 0.448296 0.074917 0.012941
v 0.450000 0.065000 -0.000000
v 0.440000 0.069500 -0.000000
v 0.440000 0.070000 -0.000000
v 0.450000 0.074500 -0.000000
v 0.448296 0.064583 -0.012941
v 0.438637 0.069083 -0.010353
v 0.438637 0.069583 -0.010353
v 0.448296 0.074083 -0.012941
v 0.443301 0.064167 -0.025000
v 0.434641 0.068667 -0.020000
v 0.434641 0.069167 -0.020000
v 0.443301 0.073667 -0.025000
v 0.435355 0.063750 -0.035355
v 0.428284 0.068250 -0.028284
v 0.428284 0.068750 -0.028284
v 0.435355 0.073250 -0.035355
v 0.425000 0.063333 -0.043301
v 0.420000 0.067833 -0.034641
v 0.420000 0.068333 -0.034641
v 0.425000 0.072833 -0.043301
v 0.412941 0.062917 -0.048296
v 0.410353 0.067417 -0.038637
v 0.410353 0.067917 -0.038637
v 0.412941 0.072417 -0.048296
v 0.400000 0.062500 -0.050000
v 0.400000 0.067000 -0.040000
v 0.400000 0.067500 -0.040000
v 0.400000 0.072000 -0.050000
v 0.387059 0.062083 -0.048296
v 0.389647 0.066583 -0.038637
v 0.389647 0.067083 -0.038637
v 0.387059 0.071583 -0.048296
v 0.375000 0.061667 -0.043301
v 0.380000 0.066167 -0.034641
v 0.380000 0.066667 -0.034641
v 0.375000 0.071167 -0.043301
v 0.364645 0.061250 -0.035355
v 0.371716 0.065750 -0.028284
v 0.371716 0.066250 -0.028284
v 0.364645 0.070750 -0.035355
v 0.356699 0.060833 -0.025000
v 0.365359 0.065333 -0.020000
v 0.365359 0.065833 -0.020000
v 0.356699 0.070333 -0.025000
v 0.351704 0.060417 -0.012941
v 0.361363 0.064917 -0.010353
v 0.361363 0.065417 -0.010353
v 0.351704 0.069917 -0.012941
v 0.350000 0.060000 0.000000
v 0.360000 0.064500 0.000000
v 0.360000 0.065000 0.000000
v 0.350000 0.069500 0.000000
v 0.351704 0.059583 0.012941
v 0.361363 0.064083 0.010353
v 0.361363 0.064583 0.010353
v 0.351704 0.069083 0.012941
v 0.356699 0.059167 0.025000
v 0.365359 0.063667 0.020000
v 0.365359 0.064167 0.020000
v 0.356699 0.068667 0.025000
v 0.364645 0.058750 0.035355
v 0.371716 0.063250 0.028284
v 0.371716 0.063750 0.028284
v 0.364645 0.068250 0.035355
v 0.375000 0.058333 0.043301
v 0.380000 0.062833 0.034641
v 0.380000 0.063333 0.034641
v 0.375000 0.067833 0.043301
v 0.387059 0.057917 0.048296
v 0.389647 0.062417 0.038637
v 0.389647 0.062917 0.038637
v 0.387059 0.067417 0.048296
v 0.400000 0.057500 0.050000
v 0.400000 0.062000 0.040000
v 0.400000 0.062500 0.040000
v 0.400000 0.067000 0.050000
v 0.412941 0.057083 0.048296
v 0.410353 0.061583 0.038637
v 0.410353 0.062083 0.038637
v 0.412941 0.066583 0.048296
v 0.425000 0.056667 0.043301
v 0.420000 0.061167 0.034641
v 0.420000 0.061667 0.034641
v 0.425000 0.066167 0.043301
v 0.435355 0.056250 0.035355
v 0.428284 0.060750 0.028284
v 0.428284 0.061250 0.028284
v 0.435355 0.065750 0.035355
v 0.443301 0.055833 0.025000
v 0.434641 0.060333 0.020000
v 0.434641 0.060833 0.020000
v 0.443301 0.065333 0.025000
v 0.448296 0.055417 0.012941
v 0.438637 0.059917 0.010353
v 0.438637 0.060417 0.010353
v 0.448296 0.064917 0.012941
v 0.450000 0.055000 -0.000000
v 0.440000 0.059500 -0.000000
v 0.440000 0.060000 -0.000000
v 0.450000 0.064500 -0.000000
v 0.448296 0.054583 -0.012941
v 0.438637 0.059083 -0.010353
v 0.438637 0.059583 -0.010353
v 0.448296 0.064083 -0.012941
v 0.443301 0.054167 -0.025000
v 0.434641 0.058667 -0.020000
v 0.434641 0.059167 -0.020000
v 0.443301 0.063667 -0.025000
v 0.435355 0.053750 -0.035355
v 0.428284 0.058250 -0.028284
v 0.428284 0.058750 -0.028284
v 0.435355 0.063250 -0.035355
v 0.425000 0.053333 -0.043301
v 0.420000 0.057833 -0.034641
v 0.420000 0.058333 -0.034641
v 0.425000 0.062833 -0.043301
v 0.412941 0.052917 -0.048296
v 0.410353 0.057417 -0.038637
v 0.410353 0.057917 -0.038637
v 0.412941 0.062417 -0.048296
v 0.400000 0.052500 -0.050000
v 0.400000 0.057000 -0.040000
v 0.400000 0.057500 -0.040000
v 0.400000 0.062000 -0.050000
v 0.387059 0.052083 -0.048296
v 0.389647 0.056583 -0.038637
v 0.389647 0.057083 -0.038637
v 0.387059 0.061583 -0.048296
v 0.375000 0.051667 -0.043301
v 0.380000 0.056167 -0.034641
v 0.380000 0.056667 -0.034641
v 0.375000 0.061167 -0.043301
v 0.364645 0.051250 -0.035355
v 0.371716 0.055750 -0.028284
v 0.371716 0.056250 -0.028284
v 0.364645 0.060750 -0.035355
v 0.356699 0.050833 -0.025000
v 0.365359 0.055333 -0.020000
v 0.365359 0.055833 -0.020000
v 0.356699 0.060333 -0.025000
v 0.351704 0.050417 -0.012941
v 0.361363 0.054917 -0.010353
v 0.361363 0.055417 -0.010353
v 0.351704 0.059917 -0.012941
v 0.360000 0.054500 0.000000
v 0.360000 0.055000 0.000000
v 0.350000 0.059500 0.000000
v 0.361363 0.054083 0.010353
v 0.361363 0.054583 0.010353
v 0.351704 0.059083 0.012941
v 0.365359 0.053667 0.020000
v 0.365359 0.054167 0.020000
v 0.356699 0.058667 0.025000
v 0.371716 0.053250 0.028284
v 0.371716 0.053750 0.028284
v 0.364645 0.058250 0.035355
v 0.380000 0.052833 0.034641
v 0.380000 0.053333 0.034641
v 0.375000 0.057833 0.043301
v 0.389647 0.052417 0.038637
v 0.389647 0.052917 0.038637
v 0.387059 0.057417 0.048296
v 0.400000 0.052000 0.040000
v 0.400000 0.052500 0.040000
v 0.400000 0.057000 0.050000
v 0.410353 0.051583 0.038637
v 0.410353 0.052083 0.038637
v 0.412941 0.056583 0.048296
v 0.420000 0.051167 0.034641
v 0.420000 0.051667 0.034641
v 0.425000 0.056167 0.043301
v 0.428284 0.050750 0.028284
v 0.428284 0.051250 0.028284
v 0.435355 0.055750 0.035355
v 0.434641 0.050333 0.020000
v 0.434641 0.050833 0.020000
v 0.443301 0.055333 0.025000
v 0.406471 0.025000 0.024148
v 0.400000 0.025000 0.025000
v 0.393530 0.025000 0.024148
v 0.387500 0.025000 0.021651
v 0.382322 0.025000 0.017678
v 0.378349 0.025000 0.012500
v 0.375852 0.025000 0.006470
v 0.375000 0.025000 -0.000000
v 0.375852 0.025000 -0.006470
v 0.378349 0.025000 -0.012500
v 0.382322 0.025000 -0.017678
v 0.387500 0.025000 -0.021651
v 0.393530 0.025000 -0.024148
v 0.356699 0.100000 0.025000
v 0.351704 0.100000 0.012941
v 0.350000 0.100000 0.000000
v 0.351704 0.100000 -0.012941
v 0.400141 0.110000 -0.055141
v 0.414376 0.110000 -0.053267
v 0.427641 0.110000 -0.047773
v 0.439032 0.110000 -0.039032
v 0.447773 0.110000 -0.027641
v 0.453267 0.110000 -0.014376
v 0.455141 0.110000 -0.000141
v 0.453267 0.110000 0.014094
v 0.447773 0.110000 0.027359
v 0.439032 0.110000 0.038749
v 0.427641 0.110000 0.047490
v 0.414376 0.110000 0.052985
v 0.400141 0.110000 0.054859
v 0.385906 0.110000 0.052985
v 0.372641 0.110000 0.047490
v 0.361251 0.110000 0.038749
v 0.352510 0.110000 -0.027641
v 0.361251 0.110000 -0.039032
v 0.372641 0.110000 -0.047773
v 0.385906 0.110000 -0.053267
v 0.352510 0.110000 0.027359
v 0.347016 0.110000 0.014094
v 0.345141 0.110000 -0.000141
v 0.347016 0.110000 -0.014376
v 0.400141 0.120000 -0.057341
v 0.414946 0.120000 -0.055392
v 0.428741 0.120000 -0.049678
v 0.440588 0.120000 -0.040588
v 0.449678 0.120000 -0.028741
v 0.455392 0.120000 -0.014946
v 0.457341 0.120000 -0.000141
v 0.455392 0.120000 0.014663
v 0.449678 0.120000 0.028459
v 0.440588 0.120000 0.040305
v 0.428741 0.120000 0.049395
v 0.414946 0.120000 0.055110
v 0.400141 0.120000 0.057059
v 0.385337 0.120000 0.055110
v 0.371541 0.120000 0.049395
v 0.359695 0.120000 0.040305
v 0.350605 0.120000 -0.028741
v 0.359695 0.120000 -0.040588
v 0.371541 0.120000 -0.049678
v 0.385337 0.120000 -0.055392
v 0.350605 0.120000 0.028459
v 0.344890 0.120000 0.014663
v 0.342941 0.120000 -0.000141
v 0.344890 0.120000 -0.014946
v 0.400000 0.275000 -0.086603
v 0.400000 0.250882 -0.096593
v 0.400000 0.225000 -0.100000
v 0.400000 0.199118 -0.096593
v 0.400000 0.175000 -0.086603
v 0.400000 0.154289 -0.070711
v 0.406699 0.321593 -0.025000
v 0.412941 0.311603 -0.048296
v 0.418301 0.295711 -0.068301
v 0.422414 0.275000 -0.083652
v 0.425000 0.250882 -0.093301
v 0.425882 0.225000 -0.096593
v 0.425000 0.199118 -0.093301
v 0.422414 0.175000 -0.083652
v 0.418301 0.154289 -0.068301
v 0.412941 0.321593 -0.022414
v 0.425000 0.311603 -0.043301
v 0.435355 0.295711 -0.061237
v 0.443301 0.275000 -0.075000
v 0.448296 0.250882 -0.083652
v 0.450000 0.225000 -0.086603
v 0.448296 0.199118 -0.083652
v 0.443301 0.175000 -0.075000
v 0.435355 0.154289 -0.061237
v 0.418301 0.321593 -0.018301
v 0.435355 0.311603 -0.035355
v 0.450000 0.295711 -0.050000
v 0.461237 0.275000 -0.061237
v 0.468301 0.250882 -0.068301
v 0.470711 0.225000 -0.070711
v 0.468301 0.199118 -0.068301
v 0.461237 0.175000 -0.061237
v 0.450000 0.154289 -0.050000
v 0.422414 0.321593 -0.012941
v 0.443301 0.311603 -0.025000
v 0.461237 0.295711 -0.035355
v 0.475000 0.275000 -0.043301
v 0.483652 0.250882 -0.048296
v 0.486603 0.225000 -0.050000
v 0.483652 0.199118 -0.048296
v 0.475000 0.175000 -0.043301
v 0.461237 0.154289 -0.035355
v 0.425000 0.321593 -0.006699
v 0.448296 0.311603 -0.012941
v 0.468301 0.295711 -0.018301
v 0.483652 0.275000 -0.022414
v 0.493301 0.250882 -0.025000
v 0.496593 0.225000 -0.025882
v 0.493301 0.199118 -0.025000
v 0.483652 0.175000 -0.022414
v 0.468301 0.154289 -0.018301
v 0.425882 0.321593 0.000000
v 0.450000 0.311603 0.000000
v 0.470711 0.295711 -0.000000
v 0.486603 0.275000 0.000000
v 0.496593 0.250882 0.000000
v 0.500000 0.225000 0.000000
v 0.496593 0.199118 0.000000
v 0.486603 0.175000 0.000000
v 0.470711 0.154289 -0.000000
v 0.425000 0.321593 0.006699
v 0.448296 0.311603 0.012941
v 0.468301 0.295711 0.018301
v 0.483652 0.275000 0.022414
v 0.493301 0.250882 0.025000
v 0.496593 0.225000 0.025882
v 0.493301 0.199118 0.025000
v 0.483652 0.175000 0.022414
v 0.468301 0.154289 0.018301
v 0.422414 0.321593 0.012941
v 0.443301 0.311603 0.025000
v 0.461237 0.295711 0.035355
v 0.475000 0.275000 0.043301
v 0.483652 0.250882 0.048296
v 0.486603 0.225000 0.050000
v 0.483652 0.199118 0.048296
v 0.475000 0.175000 0.043301
v 0.461237 0.154289 0.035355
v 0.418301 0.321593 0.018301
v 0.435355 0.311603 0.035355
v 0.450000 0.295711 0.050000
v 0.461237 0.275000 0.061237
v 0.468301 0.250882 0.068301
v 0.470711 0.225000 0.070711
v 0.468301 0.199118 0.068301
v 0.461237 0.175000 0.061237
v 0.450000 0.154289 0.050000
v 0.412941 0.321593 0.022414
v 0.425000 0.311603 0.043301
v 0.435355 0.295711 0.061237
v 0.443301 0.275000 0.075000
v 0.448296 0.250882 0.083652
v 0.450000 0.225000 0.086603
v 0.448296 0.199118 0.083652
v 0.443301 0.175000 0.075000
v 0.435355 0.154289 0.061237
v 0.406699 0.321593 0.025000
v 0.412941 0.311603 0.048296
v 0.418301 0.295711 0.068301
v 0.422414 0.275000 0.083652
v 0.425000 0.250882 0.093301
v 0.425882 0.225000 0.096593
v 0.425000 0.199118 0.093301
v 0.422414 0.175000 0.083652
v 0.418301 0.154289 0.068301
v 0.400000 0.321593 0.025882
v 0.400000 0.311603 0.050000
v 0.400000 0.295711 0.070711
v 0.400000 0.275000 0.086603
v 0.400000 0.250882 0.096593
v 0.400000 0.225000 0.100000
v 0.400000 0.199118 0.096593
v 0.400000 0.175000 0.086603
v 0.400000 0.154289 0.070711
v 0.400000 0.325000 0.000000
v 0.393301 0.321593 0.025000
v 0.387059 0.311603 0.048296
v 0.381699 0.295711 0.068301
v 0.377586 0.275000 0.083652
v 0.375000 0.250882 0.093301
v 0.374118 0.225000 0.096593
v 0.375000 0.199118 0.093301
v 0.377586 0.175000 0.083652
v 0.381699 0.154289 0.068301
v 0.387059 0.321593 0.022414
v 0.375000 0.311603 0.043301
v 0.364645 0.295711 0.061237
v 0.356699 0.275000 0.075000
v 0.351704 0.250882 0.083652
v 0.350000 0.225000 0.086603
v 0.351704 0.199118 0.083652
v 0.356699 0.175000 0.075000
v 0.364645 0.154289 0.061237
v 0.381699 0.321593 0.018301
v 0.364645 0.311603 0.035355
v 0.350000 0.295711 0.050000
v 0.338763 0.275000 0.061237
v 0.331699 0.250882 0.068301
v 0.329289 0.225000 0.070711
v 0.331699 0.199118 0.068301
v 0.338763 0.175000 0.061237
v 0.350000 0.154289 0.050000
v 0.377586 0.321593 0.012941
v 0.356699 0.311603 0.025000
v 0.338763 0.295711 0.035355
v 0.325000 0.275000 0.043301
v 0.316348 0.250882 0.048296
v 0.313397 0.225000 0.050000
v 0.316348 0.199118 0.048296
v 0.325000 0.175000 0.043301
v 0.338763 0.154289 0.035355
v 0.375000 0.321593 0.006699
v 0.351704 0.311603 0.012941
v 0.331699 0.295711 0.018301
v 0.316348 0.275000 0.022414
v 0.306699 0.250882 0.025000
v 0.303407 0.225000 0.025882
v 0.306699 0.199118 0.025000
v 0.316348 0.175000 0.022414
v 0.331699 0.154289 0.018301
v 0.374118 0.321593 0.000000
v 0.350000 0.311603 -0.000000
v 0.329289 0.295711 0.000000
v 0.313397 0.275000 -0.000000
v 0.303407 0.250882 -0.000000
v 0.300000 0.225000 -0.000000
v 0.303407 0.199118 -0.000000
v 0.313397 0.175000 -0.000000
v 0.329289 0.154289 0.000000
v 0.375000 0.321593 -0.006699
v 0.351704 0.311603 -0.012941
v 0.331699 0.295711 -0.018301
v 0.316348 0.275000 -0.022414
v 0.306699 0.250882 -0.025000
v 0.303407 0.225000 -0.025882
v 0.306699 0.199118 -0.025000
v 0.316348 0.175000 -0.022414
v 0.331699 0.154289 -0.018301
v 0.377586 0.321593 -0.012941
v 0.356699 0.311603 -0.025000
v 0.338763 0.295711 -0.035355
v 0.325000 0.275000 -0.043301
v 0.316348 0.250882 -0.048296
v 0.313397 0.225000 -0.050000
v 0.316348 0.199118 -0.048296
v 0.325000 0.175000 -0.043301
v 0.338763 0.154289 -0.035355
v 0.381699 0.321593 -0.018301
v 0.364645 0.311603 -0.035355
v 0.350000 0.295711 -0.050000
v 0.338763 0.275000 -0.061237
v 0.331699 0.250882 -0.068301
v 0.329289 0.225000 -0.070711
v 0.331699 0.199118 -0.068301
v 0.338763 0.175000 -0.061237
v 0.350000 0.154289 -0.050000
v 0.387059 0.321593 -0.022414
v 0.375000 0.311603 -0.043301
v 0.364645 0.295711 -0.061237
v 0.356699 0.275000 -0.075000
v 0.351704 0.250882 -0.083652
v 0.350000 0.225000 -0.086603
v 0.351704 0.199118 -0.083652
v 0.356699 0.175000 -0.075000
v 0.364645 0.154289 -0.061237
v 0.393301 0.321593 -0.025000
v 0.387059 0.311603 -0.048296
v 0.381699 0.295711 -0.068301
v 0.377586 0.275000 -0.083652
v 0.375000 0.250882 -0.093301
v 0.374118 0.225000 -0.096593
v 0.375000 0.199118 -0.093301
v 0.377586 0.175000 -0.083652
v 0.381699 0.154289 -0.068301
v 0.400000 0.321593 -0.025882
v 0.400000 0.311603 -0.050000
v 0.400000 0.295711 -0.070711
vn -0.8517 0.5238 -0.0164
vn -0.8184 -0.5238 0.2362
vn -0.8268 0.5239 0.2046
vn 0.8198 0.5231 0.2331
vn 0.7002 0.5731 0.4257
vn 0.6008 0.7176 0.3523
vn -0.8501 -0.4959 -0.1772
vn -0.7071 -0.7071 -0.0000
vn -0.7124 -0.7018 -0.0014
vn -0.8752 -0.4760 0.0862
vn -0.7918 -0.5634 0.2357
vn -0.7038 -0.5634 0.4326
vn -0.7294 -0.5239 0.4400
vn -0.5679 -0.5634 0.6001
vn -0.5907 -0.5239 0.6138
vn -0.3932 -0.5634 0.7266
vn -0.4117 -0.5238 0.7457
vn -0.1918 -0.5634 0.8036
vn -0.2046 -0.5238 0.8269
vn 0.0228 -0.5634 0.8259
vn 0.0164 -0.5238 0.8517
vn 0.2357 -0.5634 0.7918
vn 0.2362 -0.5238 0.8184
vn 0.4327 -0.5634 0.7038
vn 0.4400 -0.5238 0.7294
vn 0.6001 -0.5634 0.5679
vn 0.6138 -0.5238 0.5906
vn 0.7266 -0.5634 0.3932
vn 0.7457 -0.5238 0.4117
vn 0.8036 -0.5634 0.1918
vn 0.8269 -0.5239 0.2046
vn 0.8259 -0.5634 -0.0228
vn 0.8517 -0.5238 -0.0164
vn 0.7918 -0.5634 -0.2357
vn 0.8184 -0.5239 -0.2362
vn 0.7038 -0.5634 -0.4327
vn 0.7294 -0.5239 -0.4400
vn 0.5679 -0.5634 -0.6001
vn 0.5906 -0.5238 -0.6138
vn 0.3932 -0.5634 -0.7266
vn 0.4117 -0.5238 -0.7457
vn 0.1918 -0.5634 -0.8036
vn 0.2046 -0.5238 -0.8269
vn -0.0228 -0.5634 -0.8259
vn -0.0164 -0.5238 -0.8517
vn -0.2357 -0.5634 -0.7918
vn -0.2362 -0.5238 -0.8184
vn -0.4327 -0.5634 -0.7038
vn -0.4400 -0.5239 -0.7294
vn -0.6001 -0.5634 -0.5679
vn -0.6138 -0.5238 -0.5907
vn -0.7266 -0.5634 -0.3932
vn -0.7457 -0.5238 -0.4117
vn -0.6585 -0.7262 -0.1975
vn -0.8269 -0.5239 -0.2046
vn -0.6950 -0.7150 0.0754
vn -0.8517 -0.5238 0.0164
vn -0.8184 -0.5239 0.2362
vn -0.7294 -0.5238 0.4400
vn -0.5907 -0.5238 0.6138
vn -0.4117 -0.5239 0.7457
vn -0.2046 -0.5239 0.8269
vn 0.0164 -0.5239 0.8517
vn 0.6138 -0.5239 0.5906
vn 0.7457 -0.5239 0.4117
vn 0.8184 -0.5238 -0.2362
vn 0.7294 -0.5238 -0.4400
vn 0.5906 -0.5239 -0.6138
vn -0.0164 -0.5239 -0.8517
vn -0.2358 -0.5634 -0.7918
vn -0.4326 -0.5634 -0.7038
vn -0.4400 -0.5238 -0.7294
vn -0.6138 -0.5239 -0.5906
vn -0.7457 -0.5239 -0.4117
vn -0.8036 -0.5634 -0.1918
vn -0.8269 -0.5238 -0.2046
vn -0.8259 -0.5634 0.0228
vn -0.7038 -0.5634 0.4327
vn -0.5906 -0.5238 0.6138
vn 0.4400 -0.5239 0.7294
vn 0.8269 -0.5238 0.2046
vn 0.5907 -0.5238 -0.6138
vn -0.5906 -0.5239 0.6138
vn -0.8517 -0.5239 0.0164
vn 0.6908 -0.6897 0.2170
vn -0.8116 -0.4988 0.3042
vn -0.6778 0.7178 0.1593
vn -0.6271 0.7019 0.3377
vn -0.5290 0.6858 0.4998
vn -0.3887 0.6695 0.6329
vn -0.2149 0.6532 0.7261
vn -0.0192 0.6368 0.7708
vn 0.1848 0.6205 0.7621
vn 0.3825 0.6043 0.6990
vn 0.5591 0.5883 0.5843
vn 0.7918 0.5634 0.2357
vn 0.8259 0.5634 0.0228
vn 0.8036 0.5634 -0.1918
vn 0.7266 0.5634 -0.3932
vn 0.6001 0.5634 -0.5679
vn 0.4326 0.5634 -0.7038
vn 0.2357 0.5634 -0.7918
vn 0.0228 0.5634 -0.8259
vn -0.1918 0.5634 -0.8036
vn -0.3932 0.5634 -0.7266
vn -0.5679 0.5634 -0.6001
vn -0.7038 0.5634 -0.4326
vn -0.6518 0.7150 -0.2527
vn -0.8036 0.5634 0.1918
vn -0.7266 0.5634 0.3932
vn -0.6001 0.5634 0.5679
vn -0.4327 0.5634 0.7038
vn -0.2357 0.5634 0.7918
vn -0.0228 0.5634 0.8259
vn 0.1918 0.5634 0.8036
vn 0.3932 0.5634 0.7266
vn 0.5679 0.5634 0.6001
vn 0.7038 0.5634 0.4327
vn 0.4327 0.5634 -0.7038
vn -0.7038 0.5634 -0.4327
vn -0.7918 0.5634 -0.2357
vn -0.8259 0.5634 -0.0228
vn 0.7038 0.5634 0.4326
vn 0.7852 -0.5756 -0.2285
vn 0.8020 -0.3919 -0.4507
vn 0.7047 -0.0000 -0.7095
vn 0.4971 -0.0000 -0.8677
vn 0.2556 -0.0000 -0.9668
vn -0.0033 -0.0000 -1.0000
vn -0.2620 -0.0000 -0.9651
vn -0.5029 -0.0000 -0.8643
vn -0.4381 0.7150 -0.5448
vn -0.6088 -0.0000 -0.7934
vn -0.9914 -0.0000 -0.1305
vn -0.7055 0.6627 0.2512
vn -0.5444 0.8270 0.1403
vn -0.5024 0.8166 0.2842
vn -0.4222 0.8057 0.4155
vn -0.3077 0.7942 0.5240
vn -0.1652 0.7823 0.6006
vn -0.0039 0.7699 0.6381
vn 0.1655 0.7572 0.6318
vn 0.3309 0.7443 0.5801
vn 0.4799 0.7312 0.4847
vn -0.0000 -1.0000 -0.0000
vn 0.8517 0.5238 0.0164
vn 0.8269 0.5238 -0.2046
vn 0.7457 0.5238 -0.4117
vn 0.6138 0.5238 -0.5906
vn 0.4400 0.5238 -0.7294
vn 0.2362 0.5238 -0.8184
vn 0.0164 0.5239 -0.8517
vn -0.2046 0.5239 -0.8269
vn -0.4117 0.5239 -0.7457
vn -0.5906 0.5239 -0.6138
vn -0.7294 0.5239 -0.4400
vn -0.8184 0.5238 -0.2362
vn -0.6872 0.7262 0.0203
vn -0.7457 0.5238 0.4117
vn -0.6138 0.5238 0.5906
vn -0.4400 0.5239 0.7294
vn -0.2362 0.5238 0.8184
vn -0.0164 0.5239 0.8517
vn 0.2046 0.5238 0.8269
vn 0.4117 0.5239 0.7457
vn 0.5906 0.5239 0.6138
vn 0.7294 0.5239 0.4400
vn 0.8184 0.5238 0.2362
vn 0.6138 0.5238 -0.5907
vn 0.0164 0.5238 -0.8517
vn -0.2046 0.5238 -0.8269
vn -0.4117 0.5238 -0.7457
vn -0.8517 0.5238 -0.0163
vn -0.8269 0.5238 0.2046
vn -0.7457 0.5239 0.4117
vn -0.6138 0.5239 0.5906
vn -0.4400 0.5238 0.7294
vn -0.0163 0.5238 0.8517
vn 0.5907 0.5238 0.6138
vn 0.7294 0.5238 0.4400
vn 0.8269 0.5239 -0.2046
vn 0.7457 0.5239 -0.4117
vn 0.2362 0.5239 -0.8184
vn 0.0163 0.5238 -0.8517
vn -0.5907 0.5238 -0.6138
vn -0.7294 0.5238 -0.4400
vn -0.2362 0.5239 0.8184
vn -0.0164 0.5238 0.8517
vn 0.4117 0.5238 0.7457
vn 0.8184 0.5239 0.2362
vn 0.8517 0.5238 0.0163
vn -0.8184 0.5239 -0.2362
vn -0.6138 0.5238 0.5907
vn 0.2046 0.5239 0.8269
vn 0.4400 0.5239 -0.7294
vn -0.7141 0.4725 -0.5165
vn -0.2617 0.8977 -0.3546
vn -0.9184 0.2163 -0.3313
vn -0.1830 -0.7071 -0.6830
vn -0.0000 -0.7071 -0.7071
vn 0.3536 -0.7071 -0.6124
vn 0.1830 -0.7071 -0.6830
vn 0.7071 -0.7071 -0.0000
vn 0.6830 -0.7071 0.1830
vn -0.0000 -0.7071 0.7071
vn 0.1830 -0.7071 0.6830
vn -0.6830 -0.7071 0.1830
vn -0.6124 -0.7071 0.3536
vn -0.3536 -0.7071 -0.6124
vn -0.5000 -0.7071 -0.5000
vn 0.6124 -0.7071 -0.3536
vn 0.6830 -0.7071 -0.1830
vn 0.5000 -0.7071 0.5000
vn 0.3536 -0.7071 0.6124
vn -0.5000 -0.7071 0.5000
vn -0.3536 -0.7071 0.6124
vn -0.6124 -0.7071 -0.3536
vn -0.6830 -0.7071 -0.1830
vn 0.5000 -0.7071 -0.5000
vn 0.8305 -0.2888 0.4762
vn 0.8074 -0.5485 0.2176
vn -0.1830 -0.7071 0.6830
vn 0.6124 -0.7071 0.3536
vn -0.8412 0.2362 -0.4865
vn -0.6869 0.2341 -0.6880
vn -0.4857 0.2320 -0.8427
vn -0.2513 0.2301 -0.9402
vn 0.0005 0.2284 -0.9736
vn 0.2524 0.2271 -0.9406
vn 0.4872 0.2263 -0.8435
vn -0.9459 0.2478 -0.2093
vn -0.5512 0.8344 -0.0006
vn 0.3548 -0.9292 -0.1034
vn 0.4020 -0.9153 -0.0228
vn 0.8660 -0.0000 0.5000
vn -0.8660 -0.0000 0.5000
vn -0.7071 -0.0000 0.7071
vn -0.5000 -0.0000 0.8660
vn -0.2588 -0.0000 0.9659
vn -0.0000 -0.0000 1.0000
vn 0.2588 -0.0000 0.9659
vn 0.5000 -0.0000 0.8660
vn 0.7071 -0.0000 0.7071
vn -0.9659 -0.0000 0.2588
vn 0.2557 -0.9357 -0.2433
vn 0.1622 -0.9481 -0.2735
vn 0.0715 -0.9595 -0.2726
vn -0.0068 -0.9696 -0.2444
vn -0.0651 -0.9785 -0.1957
vn -0.0986 -0.9859 -0.1352
vn -0.1056 -0.9918 -0.0726
vn -0.0881 -0.9960 -0.0175
vn 0.0310 0.9994 0.0129
vn -1.0000 -0.0000 -0.0000
vn 0.9402 0.2301 0.2513
vn 0.8458 0.2149 -0.4883
vn 0.6692 0.3231 -0.6692
vn 0.8196 0.3233 -0.4730
vn 0.8435 0.2263 -0.4872
vn 0.9406 0.2271 -0.2524
vn 0.9736 0.2284 -0.0005
vn -0.9420 0.3355 0.0004
vn -0.9095 0.3367 0.2440
vn -0.4728 0.3285 -0.8177
vn -0.6678 0.3304 -0.6670
vn 0.9128 0.3268 0.2451
vn 0.4730 0.3233 -0.8196
vn 0.2445 0.3241 -0.9139
vn 0.4711 0.3323 0.8171
vn -0.4708 0.3374 0.8152
vn -0.9106 0.3340 -0.2434
vn -0.2451 0.3268 -0.9128
vn -0.8152 0.3374 0.4708
vn -0.6656 0.3376 0.6656
vn 0.8177 0.3285 0.4728
vn 0.6888 0.2260 -0.6888
vn -0.8171 0.3323 -0.4711
vn 0.2434 0.3340 0.9106
vn -0.0004 0.3252 -0.9456
vn -0.0004 0.3355 0.9420
vn 0.9139 0.3241 -0.2446
vn 0.6670 0.3304 0.6678
vn -0.2440 0.3367 0.9095
vn 0.9456 0.3252 0.0004
vn -0.6906 0.2149 0.6906
vn 0.2528 0.2149 0.9434
vn -0.2528 0.2149 -0.9434
vn -0.8458 0.2149 0.4883
vn -0.0000 0.2149 -0.9766
vn -0.9766 0.2149 -0.0000
vn -0.9434 0.2149 0.2528
vn 0.4883 0.2149 -0.8458
vn 0.2528 0.2149 -0.9434
vn 0.9434 0.2149 -0.2528
vn -0.8458 0.2149 -0.4883
vn -0.9434 0.2149 -0.2528
vn 0.9434 0.2149 0.2528
vn 0.9766 0.2149 -0.0000
vn -0.0000 0.2149 0.9766
vn 0.6906 0.2149 0.6906
vn 0.8458 0.2149 0.4883
vn -0.6906 0.2149 -0.6906
vn -0.2528 0.2149 0.9434
vn -0.4883 0.2149 0.8458
vn 0.4883 0.2149 0.8458
vn -0.4883 0.2149 -0.8458
vn -0.0000 0.2561 -0.9666
vn 0.2588 -0.0000 -0.9659
vn -0.0000 -0.0000 -1.0000
vn -0.0000 0.7017 -0.7125
vn 0.1315 0.8613 -0.4908
vn 0.1844 0.7017 -0.6882
vn -0.0000 -0.2561 -0.9666
vn 0.2502 -0.2561 -0.9337
vn -0.0000 0.4954 -0.8687
vn 0.2248 0.4954 -0.8391
vn -0.0000 0.9632 -0.2689
vn -0.0000 1.0000 -0.0000
vn 0.0696 0.9632 -0.2597
vn -0.0000 -0.4954 -0.8687
vn 0.2248 -0.4954 -0.8391
vn 0.2502 0.2561 -0.9337
vn -0.0000 0.8613 -0.5081
vn 0.2247 -0.4956 -0.8390
vn -0.0001 -0.4960 -0.8683
vn 0.3562 0.7017 -0.6170
vn 0.4343 0.4954 -0.7523
vn 0.1345 0.9632 -0.2329
vn 0.4343 -0.4954 -0.7523
vn 0.4833 0.2561 -0.8371
vn 0.2540 0.8613 -0.4400
vn 0.5000 -0.0000 -0.8660
vn 0.4833 -0.2562 -0.8371
vn 0.3593 0.8613 -0.3593
vn 0.5038 0.7017 -0.5038
vn 0.6835 -0.2561 -0.6835
vn 0.6143 0.4954 -0.6143
vn 0.1901 0.9632 -0.1901
vn 0.6143 -0.4954 -0.6143
vn 0.6835 0.2561 -0.6835
vn 0.7071 -0.0000 -0.7071
vn 0.8371 0.2562 -0.4833
vn 0.2329 0.9632 -0.1345
vn 0.4400 0.8613 -0.2540
vn 0.7523 -0.4954 -0.4343
vn 0.8660 -0.0000 -0.5000
vn 0.6170 0.7017 -0.3562
vn 0.8371 -0.2561 -0.4833
vn 0.7523 0.4954 -0.4343
vn 0.6882 0.7017 -0.1844
vn 0.8391 0.4954 -0.2248
vn 0.2597 0.9632 -0.0696
vn 0.9337 -0.2561 -0.2502
vn 0.8391 -0.4954 -0.2248
vn 0.9337 0.2561 -0.2502
vn 0.4908 0.8613 -0.1315
vn 0.8390 -0.4957 -0.2247
vn 0.9659 -0.0000 -0.2588
vn 0.9666 0.2561 -0.0000
vn 1.0000 -0.0000 -0.0000
vn 0.5081 0.8613 -0.0000
vn 0.7125 0.7017 -0.0000
vn 0.9666 -0.2561 -0.0000
vn 0.8687 0.4954 -0.0000
vn 0.2689 0.9632 -0.0000
vn 0.8687 -0.4954 -0.0000
vn 0.8683 -0.4960 0.0001
vn 0.9337 0.2562 0.2502
vn 0.4908 0.8613 0.1315
vn 0.8385 -0.4964 0.2248
vn 0.9659 -0.0000 0.2588
vn 0.6882 0.7017 0.1844
vn 0.9337 -0.2562 0.2502
vn 0.8391 0.4954 0.2248
vn 0.2597 0.9632 0.0696
vn 0.8391 -0.4954 0.2248
vn 0.8371 -0.2561 0.4833
vn 0.7523 0.4954 0.4343
vn 0.2329 0.9632 0.1345
vn 0.7523 -0.4954 0.4343
vn 0.8371 0.2561 0.4833
vn 0.4400 0.8613 0.2540
vn 0.7514 -0.4969 0.4341
vn 0.6170 0.7017 0.3562
vn 0.6835 0.2561 0.6835
vn 0.5038 0.7017 0.5038
vn 0.6835 -0.2561 0.6835
vn 0.6143 0.4954 0.6143
vn 0.1901 0.9632 0.1901
vn 0.6143 -0.4954 0.6143
vn 0.3593 0.8613 0.3593
vn 0.6133 -0.4975 0.6135
vn 0.4343 -0.4954 0.7523
vn 0.4833 0.2561 0.8371
vn 0.1345 0.9632 0.2329
vn 0.2540 0.8613 0.4400
vn 0.4334 -0.4980 0.7511
vn 0.3562 0.7017 0.6170
vn 0.4833 -0.2562 0.8371
vn 0.4343 0.4954 0.7523
vn 0.2502 -0.2561 0.9337
vn 0.2248 0.4954 0.8391
vn 0.0696 0.9632 0.2597
vn 0.2248 -0.4954 0.8391
vn 0.2502 0.2561 0.9337
vn 0.1315 0.8613 0.4908
vn 0.2242 -0.4985 0.8374
vn 0.1844 0.7017 0.6882
vn -0.0000 -0.4954 0.8687
vn -0.0001 -0.4990 0.8666
vn -0.0000 0.7017 0.7125
vn -0.0000 -0.2561 0.9666
vn -0.0000 0.4954 0.8687
vn -0.0000 0.9632 0.2689
vn -0.0000 0.2561 0.9666
vn -0.0000 0.8613 0.5081
vn -0.0696 0.9632 0.2597
vn -0.2502 -0.2561 0.9337
vn -0.2248 -0.4954 0.8391
vn -0.2248 0.4954 0.8391
vn -0.2502 0.2561 0.9337
vn -0.1315 0.8613 0.4908
vn -0.2243 -0.4993 0.8369
vn -0.1844 0.7017 0.6882
vn -0.4833 -0.2561 0.8371
vn -0.3562 0.7017 0.6170
vn -0.4343 0.4954 0.7523
vn -0.1345 0.9632 0.2329
vn -0.4343 -0.4954 0.7523
vn -0.4833 0.2561 0.8371
vn -0.2540 0.8613 0.4400
vn -0.4332 -0.4995 0.7502
vn -0.3593 0.8613 0.3593
vn -0.6125 -0.4996 0.6125
vn -0.6835 0.2561 0.6835
vn -0.5038 0.7017 0.5038
vn -0.6835 -0.2561 0.6835
vn -0.6143 0.4954 0.6143
vn -0.1901 0.9632 0.1901
vn -0.6143 -0.4954 0.6143
vn -0.2329 0.9632 0.1345
vn -0.7523 -0.4954 0.4343
vn -0.8371 0.2561 0.4833
vn -0.4400 0.8613 0.2540
vn -0.7502 -0.4995 0.4332
vn -0.6170 0.7017 0.3562
vn -0.8371 -0.2561 0.4833
vn -0.7523 0.4954 0.4343
vn -0.6882 0.7017 0.1844
vn -0.9337 -0.2561 0.2502
vn -0.8391 0.4954 0.2248
vn -0.2597 0.9632 0.0696
vn -0.8391 -0.4954 0.2248
vn -0.9337 0.2562 0.2502
vn -0.4908 0.8613 0.1315
vn -0.8369 -0.4993 0.2243
vn -0.2689 0.9632 -0.0000
vn -0.5081 0.8613 -0.0000
vn -0.8666 -0.4990 0.0001
vn -0.9666 0.2561 -0.0000
vn -0.7125 0.7017 -0.0000
vn -0.9666 -0.2561 -0.0000
vn -0.8687 0.4954 -0.0000
vn -0.8687 -0.4954 -0.0000
vn -0.6882 0.7017 -0.1844
vn -0.8391 0.4954 -0.2248
vn -0.2597 0.9632 -0.0696
vn -0.8391 -0.4954 -0.2248
vn -0.9337 0.2561 -0.2502
vn -0.4908 0.8613 -0.1315
vn -0.8374 -0.4985 -0.2242
vn -0.9659 -0.0000 -0.2588
vn -0.9337 -0.2561 -0.2502
vn -0.6170 0.7017 -0.3562
vn -0.8371 -0.2561 -0.4833
vn -0.7523 0.4954 -0.4343
vn -0.2329 0.9632 -0.1345
vn -0.7523 -0.4954 -0.4343
vn -0.8371 0.2561 -0.4833
vn -0.4400 0.8613 -0.2540
vn -0.7511 -0.4980 -0.4334
vn -0.8660 -0.0000 -0.5000
vn -0.6835 0.2561 -0.6835
vn -0.3593 0.8613 -0.3593
vn -0.6143 -0.4954 -0.6143
vn -0.6135 -0.4975 -0.6133
vn -0.7071 -0.0000 -0.7071
vn -0.5038 0.7017 -0.5038
vn -0.6835 -0.2561 -0.6835
vn -0.6143 0.4954 -0.6143
vn -0.1901 0.9632 -0.1901
vn -0.4833 -0.2561 -0.8371
vn -0.3562 0.7017 -0.6170
vn -0.4343 0.4954 -0.7523
vn -0.1345 0.9632 -0.2329
vn -0.4343 -0.4954 -0.7523
vn -0.4833 0.2561 -0.8371
vn -0.2540 0.8613 -0.4400
vn -0.4341 -0.4969 -0.7514
vn -0.5000 -0.0000 -0.8660
vn -0.2588 -0.0000 -0.9659
vn -0.1844 0.7017 -0.6882
vn -0.2502 -0.2561 -0.9337
vn -0.2248 0.4954 -0.8391
vn -0.0696 0.9632 -0.2597
vn -0.2248 -0.4954 -0.8391
vn -0.2502 0.2561 -0.9337
vn -0.1315 0.8613 -0.4908
vn -0.2248 -0.4964 -0.8385
vn -0.8042 -0.3711 0.4642
vn -0.8972 -0.3706 0.2402
vn -0.9291 -0.3699 -0.0003
vn -0.8977 -0.3689 -0.2409
vn -0.8051 -0.3678 -0.4653
vn -0.6576 -0.3666 -0.6582
vn -0.4651 -0.3654 -0.8064
vn -0.2407 -0.3642 -0.8997
vn 0.0003 -0.3633 -0.9317
vn 0.2414 -0.3625 -0.9002
vn 0.4662 -0.3620 -0.8072
vn 0.8072 -0.3620 -0.4662
vn 0.6592 -0.3619 -0.6592
vn 0.9002 -0.3625 -0.2414
vn 0.9317 -0.3633 -0.0003
vn 0.8997 -0.3642 0.2407
vn 0.8064 -0.3654 0.4651
vn 0.6582 -0.3666 0.6576
vn 0.4653 -0.3678 0.8051
vn 0.2409 -0.3689 0.8977
vn 0.0003 -0.3699 0.9291
vn -0.2402 -0.3706 0.8972
vn -0.4642 -0.3711 0.8042
vn -0.6566 -0.3713 0.6566
vn 0.3205 -0.9379 -0.1327
vn 0.9239 -0.0000 0.3827
vn 0.2471 -0.9502 -0.1896
vn 0.1673 -0.9615 -0.2180
vn 0.0906 -0.9716 -0.2188
vn 0.0258 -0.9803 -0.1961
vn -0.0206 -0.9875 -0.1564
vn -0.0447 -0.9931 -0.1080
vn -0.0459 -0.9972 -0.0598
vn -0.0267 -0.9994 -0.0205
vn 0.6906 0.2149 -0.6906
vt 1.500000 0.095000
vt 0.541667 0.000000
vt 1.541667 0.095000
vt 0.958333 0.095000
vt 0.916667 0.050000
vt 0.000000 0.000000
vt 0.500000 0.000000
vt 0.541667 0.045000
vt 0.583333 0.045000
vt 0.583333 0.000000
vt 0.625000 0.045000
vt 0.625000 0.000000
vt 0.666667 0.045000
vt 0.666667 0.000000
vt 0.708333 0.045000
vt 0.708333 0.000000
vt 0.750000 0.045000
vt 0.750000 0.000000
vt 0.791667 0.045000
vt 0.791667 0.000000
vt 0.833333 0.045000
vt 0.833333 0.000000
vt 0.875000 0.045000
vt 0.875000 0.000000
vt 0.916667 0.045000
vt 0.916667 0.000000
vt 0.958333 0.045000
vt 0.958333 0.000000
vt 1.000000 0.045000
vt 1.000000 0.000000
vt 1.041667 0.045000
vt 1.041667 0.000000
vt 1.083333 0.045000
vt 1.083333 0.000000
vt 1.125000 0.045000
vt 1.125000 0.000000
vt 1.166667 0.045000
vt 1.166667 0.000000
vt 1.208333 0.045000
vt 1.208333 0.000000
vt 1.250000 0.045000
vt 1.250000 0.000000
vt 1.291667 0.045000
vt 1.291667 0.000000
vt 1.333333 0.045000
vt 1.333333 0.000000
vt 1.375000 0.045000
vt 1.375000 0.000000
vt 1.416667 0.045000
vt 1.416667 0.000000
vt 1.458333 0.045000
vt 1.458333 0.000000
vt 1.500000 0.045000
vt 1.500000 0.000000
vt 1.541667 0.045000
vt 1.541667 0.000000
vt 1.583333 0.045000
vt 1.583333 0.000000
vt 1.625000 0.045000
vt 1.625000 0.000000
vt 1.666667 0.045000
vt 1.666667 0.000000
vt 1.708333 0.045000
vt 1.708333 0.000000
vt 1.750000 0.045000
vt 1.750000 0.000000
vt 1.791667 0.045000
vt 1.791667 0.000000
vt 1.833333 0.045000
vt 1.833333 0.000000
vt 1.875000 0.045000
vt 1.875000 0.000000
vt 1.916667 0.045000
vt 1.916667 0.000000
vt 1.958333 0.045000
vt 1.958333 0.000000
vt 2.000000 0.045000
vt 2.000000 0.000000
vt 2.041667 0.045000
vt 2.041667 0.000000
vt 2.083333 0.045000
vt 2.083333 0.000000
vt 2.125000 0.045000
vt 2.125000 0.000000
vt 2.166667 0.045000
vt 2.166667 0.000000
vt 2.208333 0.045000
vt 2.208333 0.000000
vt 2.250000 0.045000
vt 2.250000 0.000000
vt 2.291667 0.045000
vt 2.291667 0.000000
vt 2.333333 0.045000
vt 2.333333 0.000000
vt 2.375000 0.045000
vt 2.375000 0.000000
vt 2.416667 0.045000
vt 2.416667 0.000000
vt 2.458333 0.045000
vt 2.458333 0.000000
vt 2.500000 0.045000
vt 2.500000 0.000000
vt 2.541667 0.045000
vt 2.541667 0.000000
vt 2.583333 0.045000
vt 2.583333 0.000000
vt 2.625000 0.045000
vt 2.625000 0.000000
vt 2.666667 0.045000
vt 2.666667 0.000000
vt 2.708333 0.045000
vt 2.708333 0.000000
vt 2.750000 0.045000
vt 2.750000 0.000000
vt 2.791667 0.045000
vt 2.791667 0.000000
vt 2.833333 0.045000
vt 2.833333 0.000000
vt 2.875000 0.045000
vt 2.875000 0.000000
vt 2.916667 0.045000
vt 2.916667 0.000000
vt 2.958333 0.045000
vt 2.958333 0.000000
vt 3.000000 0.045000
vt 3.000000 0.000000
vt 3.041667 0.045000
vt 3.041667 0.000000
vt 3.083333 0.045000
vt 3.083333 0.000000
vt 3.125000 0.045000
vt 3.125000 0.000000
vt 3.166667 0.045000
vt 3.166667 0.000000
vt 3.208333 0.045000
vt 3.208333 0.000000
vt 3.250000 0.045000
vt 3.250000 0.000000
vt 3.291667 0.045000
vt 3.291667 0.000000
vt 3.333333 0.045000
vt 3.333333 0.000000
vt 3.375000 0.045000
vt 3.375000 0.000000
vt 3.416667 0.045000
vt 3.416667 0.000000
vt 3.458333 0.045000
vt 3.458333 0.000000
vt 3.500000 0.045000
vt 3.500000 0.000000
vt 3.541667 0.045000
vt 3.541667 0.000000
vt 3.583333 0.045000
vt 3.583333 0.000000
vt 3.625000 0.045000
vt 3.625000 0.000000
vt 3.666667 0.045000
vt 3.666667 0.000000
vt 3.708333 0.045000
vt 3.708333 0.000000
vt 3.750000 0.045000
vt 3.750000 0.000000
vt 3.791667 0.045000
vt 3.791667 0.000000
vt 3.833333 0.045000
vt 3.833333 0.000000
vt 3.875000 0.045000
vt 3.875000 0.000000
vt 3.916667 0.045000
vt 3.916667 0.000000
vt 3.958333 0.045000
vt 3.958333 0.000000
vt 4.000000 0.045000
vt 4.000000 0.000000
vt 4.041667 0.045000
vt 4.041667 0.000000
vt 4.083333 0.045000
vt 4.083333 0.000000
vt 4.125000 0.045000
vt 4.125000 0.000000
vt 4.166667 0.045000
vt 4.166667 0.000000
vt 4.208333 0.045000
vt 4.208333 0.000000
vt 4.250000 0.045000
vt 4.250000 0.000000
vt 4.291667 0.045000
vt 4.291667 0.000000
vt 4.333333 0.045000
vt 4.333333 0.000000
vt 4.375000 0.045000
vt 4.375000 0.000000
vt 4.416667 0.045000
vt 4.416667 0.000000
vt 4.458333 0.045000
vt 4.458333 0.000000
vt 4.500000 0.045000
vt 4.500000 0.000000
vt 4.541667 0.045000
vt 4.541667 0.000000
vt 4.583333 0.045000
vt 4.583333 0.000000
vt 4.625000 0.045000
vt 4.625000 0.000000
vt 4.666667 0.045000
vt 4.666667 0.000000
vt 4.708333 0.045000
vt 4.708333 0.000000
vt 4.750000 0.045000
vt 4.750000 0.000000
vt 4.791667 0.045000
vt 4.791667 0.000000
vt 4.833333 0.045000
vt 4.833333 0.000000
vt 4.875000 0.045000
vt 4.875000 0.000000
vt 4.916667 0.045000
vt 4.916667 0.000000
vt 4.958333 0.045000
vt 4.958333 0.000000
vt 0.500000 0.045000
vt 0.541667 0.050000
vt 0.583333 0.050000
vt 0.625000 0.050000
vt 0.666667 0.050000
vt 0.708333 0.050000
vt 0.750000 0.050000
vt 0.791667 0.050000
vt 0.833333 0.050000
vt 0.875000 0.050000
vt 0.958333 0.050000
vt 1.000000 0.050000
vt 1.041667 0.050000
vt 1.083333 0.050000
vt 1.125000 0.050000
vt 1.166667 0.050000
vt 1.208333 0.050000
vt 1.250000 0.050000
vt 1.291667 0.050000
vt 1.333333 0.050000
vt 1.375000 0.050000
vt 1.416667 0.050000
vt 1.458333 0.050000
vt 1.541667 0.050000
vt 1.583333 0.050000
vt 1.625000 0.050000
vt 1.666667 0.050000
vt 1.708333 0.050000
vt 1.750000 0.050000
vt 1.791667 0.050000
vt 1.833333 0.050000
vt 1.875000 0.050000
vt 1.916667 0.050000
vt 1.958333 0.050000
vt 2.000000 0.050000
vt 2.041667 0.050000
vt 2.083333 0.050000
vt 2.125000 0.050000
vt 2.166667 0.050000
vt 2.208333 0.050000
vt 2.250000 0.050000
vt 2.291667 0.050000
vt 2.333333 0.050000
vt 2.375000 0.050000
vt 2.416667 0.050000
vt 2.458333 0.050000
vt 2.500000 0.050000
vt 2.541667 0.050000
vt 2.583333 0.050000
vt 2.625000 0.050000
vt 2.666667 0.050000
vt 2.708333 0.050000
vt 2.750000 0.050000
vt 2.791667 0.050000
vt 2.833333 0.050000
vt 2.875000 0.050000
vt 2.916667 0.050000
vt 2.958333 0.050000
vt 3.000000 0.050000
vt 3.041667 0.050000
vt 3.083333 0.050000
vt 3.125000 0.050000
vt 3.166667 0.050000
vt 3.208333 0.050000
vt 3.250000 0.050000
vt 3.291667 0.050000
vt 3.333333 0.050000
vt 3.375000 0.050000
vt 3.416667 0.050000
vt 3.458333 0.050000
vt 3.500000 0.050000
vt 3.541667 0.050000
vt 3.583333 0.050000
vt 3.625000 0.050000
vt 3.666667 0.050000
vt 3.708333 0.050000
vt 3.750000 0.050000
vt 3.791667 0.050000
vt 3.833333 0.050000
vt 3.875000 0.050000
vt 3.916667 0.050000
vt 3.958333 0.050000
vt 4.000000 0.050000
vt 4.041667 0.050000
vt 4.083333 0.050000
vt 4.125000 0.050000
vt 4.166667 0.050000
vt 4.208333 0.050000
vt 4.250000 0.050000
vt 4.291667 0.050000
vt 4.333333 0.050000
vt 4.375000 0.050000
vt 4.416667 0.050000
vt 4.458333 0.050000
vt 4.500000 0.050000
vt 4.541667 0.050000
vt 4.583333 0.050000
vt 4.625000 0.050000
vt 4.666667 0.050000
vt 4.708333 0.050000
vt 4.750000 0.050000
vt 4.791667 0.050000
vt 4.833333 0.050000
vt 4.875000 0.050000
vt 4.916667 0.050000
vt 4.958333 0.050000
vt 5.000000 0.050000
vt 5.000000 0.045000
vt 5.041667 0.050000
vt 5.041667 0.045000
vt 5.083333 0.050000
vt 5.083333 0.045000
vt 5.125000 0.050000
vt 5.125000 0.045000
vt 5.166667 0.050000
vt 5.166667 0.045000
vt 5.208333 0.050000
vt 5.208333 0.045000
vt 5.250000 0.050000
vt 5.250000 0.045000
vt 5.291667 0.050000
vt 5.291667 0.045000
vt 5.333333 0.050000
vt 5.333333 0.045000
vt 5.375000 0.050000
vt 5.375000 0.045000
vt 0.500000 0.050000
vt 1.000000 0.095000
vt 1.041667 0.095000
vt 1.083333 0.095000
vt 1.125000 0.095000
vt 1.166667 0.095000
vt 1.208333 0.095000
vt 1.250000 0.095000
vt 1.291667 0.095000
vt 1.333333 0.095000
vt 1.375000 0.095000
vt 1.416667 0.095000
vt 1.458333 0.095000
vt 1.500000 0.050000
vt 1.583333 0.095000
vt 1.625000 0.095000
vt 1.666667 0.095000
vt 1.708333 0.095000
vt 1.750000 0.095000
vt 1.791667 0.095000
vt 1.833333 0.095000
vt 1.875000 0.095000
vt 1.916667 0.095000
vt 1.958333 0.095000
vt 2.000000 0.095000
vt 2.041667 0.095000
vt 2.083333 0.095000
vt 2.125000 0.095000
vt 2.166667 0.095000
vt 2.208333 0.095000
vt 2.250000 0.095000
vt 2.291667 0.095000
vt 2.333333 0.095000
vt 2.375000 0.095000
vt 2.416667 0.095000
vt 2.458333 0.095000
vt 2.500000 0.095000
vt 2.541667 0.095000
vt 2.583333 0.095000
vt 2.625000 0.095000
vt 2.666667 0.095000
vt 2.708333 0.095000
vt 2.750000 0.095000
vt 2.791667 0.095000
vt 2.833333 0.095000
vt 2.875000 0.095000
vt 2.916667 0.095000
vt 2.958333 0.095000
vt 3.000000 0.095000
vt 3.041667 0.095000
vt 3.083333 0.095000
vt 3.125000 0.095000
vt 3.166667 0.095000
vt 3.208333 0.095000
vt 3.250000 0.095000
vt 3.291667 0.095000
vt 3.333333 0.095000
vt 3.375000 0.095000
vt 3.416667 0.095000
vt 3.458333 0.095000
vt 3.500000 0.095000
vt 3.541667 0.095000
vt 3.583333 0.095000
vt 3.625000 0.095000
vt 3.666667 0.095000
vt 3.708333 0.095000
vt 3.750000 0.095000
vt 3.791667 0.095000
vt 3.833333 0.095000
vt 3.875000 0.095000
vt 3.916667 0.095000
vt 3.958333 0.095000
vt 4.000000 0.095000
vt 4.041667 0.095000
vt 4.083333 0.095000
vt 4.125000 0.095000
vt 4.166667 0.095000
vt 4.208333 0.095000
vt 4.250000 0.095000
vt 4.291667 0.095000
vt 4.333333 0.095000
vt 4.375000 0.095000
vt 4.416667 0.095000
vt 4.458333 0.095000
vt 4.500000 0.095000
vt 4.541667 0.095000
vt 4.583333 0.095000
vt 4.625000 0.095000
vt 4.666667 0.095000
vt 4.708333 0.095000
vt 4.750000 0.095000
vt 4.791667 0.095000
vt 4.833333 0.095000
vt 4.875000 0.095000
vt 4.916667 0.095000
vt 4.958333 0.095000
vt 5.000000 0.095000
vt 5.041667 0.095000
vt 5.083333 0.095000
vt 5.125000 0.095000
vt 5.166667 0.095000
vt 5.208333 0.095000
vt 5.250000 0.095000
vt 5.291667 0.095000
vt 5.333333 0.095000
vt 5.375000 0.095000
vt 5.416667 0.095000
vt 5.416667 0.050000
vt 5.416667 0.045000
vt 0.750000 0.583333
vt 0.708333 0.500000
vt 0.750000 0.500000
vt 0.750000 0.750000
vt 0.708333 0.833333
vt 0.708333 0.750000
vt 0.750000 0.416667
vt 0.708333 0.416667
vt 0.750000 0.666667
vt 0.708333 0.666667
vt 0.750000 0.916667
vt 0.729167 1.000000
vt 0.708333 0.916667
vt 0.750000 0.333333
vt 0.708333 0.333333
vt 0.708333 0.583333
vt 0.750000 0.833333
vt 0.708333 0.250000
vt 0.750000 0.250000
vt 0.666667 0.750000
vt 0.666667 0.666667
vt 0.687500 1.000000
vt 0.666667 0.916667
vt 0.666667 0.333333
vt 0.666667 0.583333
vt 0.666667 0.833333
vt 0.666667 0.250000
vt 0.666667 0.500000
vt 0.666667 0.416667
vt 0.625000 0.833333
vt 0.625000 0.750000
vt 0.625000 0.416667
vt 0.625000 0.666667
vt 0.645833 1.000000
vt 0.625000 0.916667
vt 0.625000 0.333333
vt 0.625000 0.583333
vt 0.625000 0.250000
vt 0.625000 0.500000
vt 0.583333 0.583333
vt 0.583333 0.916667
vt 0.583333 0.833333
vt 0.583333 0.250000
vt 0.583333 0.500000
vt 0.583333 0.750000
vt 0.583333 0.416667
vt 0.583333 0.666667
vt 0.604167 1.000000
vt 0.583333 0.333333
vt 0.541667 0.750000
vt 0.541667 0.666667
vt 0.562500 1.000000
vt 0.541667 0.916667
vt 0.541667 0.416667
vt 0.541667 0.333333
vt 0.541667 0.583333
vt 0.541667 0.833333
vt 0.541667 0.250000
vt 0.541667 0.500000
vt 0.500000 0.583333
vt 0.500000 0.500000
vt 0.500000 0.833333
vt 0.500000 0.750000
vt 0.500000 0.416667
vt 0.500000 0.666667
vt 0.520833 1.000000
vt 0.500000 0.916667
vt 0.500000 0.333333
vt 0.500000 0.250000
vt 0.458333 0.583333
vt 0.458333 0.833333
vt 0.458333 0.250000
vt 0.458333 0.500000
vt 0.458333 0.750000
vt 0.458333 0.416667
vt 0.458333 0.666667
vt 0.479167 1.000000
vt 0.458333 0.916667
vt 0.458333 0.333333
vt 0.416667 0.416667
vt 0.416667 0.666667
vt 0.437500 1.000000
vt 0.416667 0.916667
vt 0.416667 0.333333
vt 0.416667 0.583333
vt 0.416667 0.833333
vt 0.416667 0.250000
vt 0.416667 0.500000
vt 0.416667 0.750000
vt 0.375000 0.583333
vt 0.375000 0.500000
vt 0.375000 0.750000
vt 0.375000 0.416667
vt 0.375000 0.666667
vt 0.395833 1.000000
vt 0.375000 0.916667
vt 0.375000 0.333333
vt 0.375000 0.833333
vt 0.375000 0.250000
vt 0.333333 0.333333
vt 0.333333 0.583333
vt 0.333333 0.916667
vt 0.333333 0.833333
vt 0.333333 0.250000
vt 0.333333 0.500000
vt 0.333333 0.750000
vt 0.333333 0.416667
vt 0.333333 0.666667
vt 0.354167 1.000000
vt 0.291667 0.416667
vt 0.291667 0.666667
vt 0.312500 1.000000
vt 0.291667 0.916667
vt 0.291667 0.333333
vt 0.291667 0.583333
vt 0.291667 0.833333
vt 0.291667 0.250000
vt 0.291667 0.500000
vt 0.291667 0.750000
vt 0.250000 0.333333
vt 0.250000 0.250000
vt 0.250000 0.500000
vt 0.250000 0.750000
vt 0.250000 0.416667
vt 0.250000 0.666667
vt 0.270833 1.000000
vt 0.250000 0.916667
vt 0.250000 0.583333
vt 0.250000 0.833333
vt 0.229167 1.000000
vt 0.208333 0.916667
vt 0.208333 0.416667
vt 0.208333 0.333333
vt 0.208333 0.666667
vt 0.208333 0.583333
vt 0.208333 0.833333
vt 0.208333 0.250000
vt 0.208333 0.500000
vt 0.208333 0.750000
vt 0.166667 0.416667
vt 0.166667 0.750000
vt 0.166667 0.666667
vt 0.187500 1.000000
vt 0.166667 0.916667
vt 0.166667 0.333333
vt 0.166667 0.583333
vt 0.166667 0.833333
vt 0.166667 0.250000
vt 0.166667 0.500000
vt 0.125000 0.833333
vt 0.125000 0.250000
vt 0.125000 0.583333
vt 0.125000 0.500000
vt 0.125000 0.750000
vt 0.125000 0.416667
vt 0.125000 0.666667
vt 0.145833 1.000000
vt 0.125000 0.916667
vt 0.125000 0.333333
vt 0.104167 1.000000
vt 0.083333 0.916667
vt 0.083333 0.333333
vt 0.083333 0.583333
vt 0.083333 0.833333
vt 0.083333 0.250000
vt 0.083333 0.500000
vt 0.083333 0.750000
vt 0.083333 0.416667
vt 0.083333 0.666667
vt 0.041667 0.750000
vt 0.041667 0.416667
vt 0.041667 0.666667
vt 0.062500 1.000000
vt 0.041667 0.916667
vt 0.041667 0.333333
vt 0.041667 0.583333
vt 0.041667 0.833333
vt 0.041667 0.250000
vt 0.041667 0.500000
vt 0.000000 0.916667
vt 0.000000 0.833333
vt 0.000000 0.250000
vt 0.000000 0.583333
vt 0.000000 0.500000
vt 0.000000 0.750000
vt 0.000000 0.416667
vt 0.000000 0.666667
vt 0.020833 1.000000
vt 0.000000 0.333333
vt 1.000000 0.666667
vt 0.958333 0.750000
vt 0.958333 0.666667
vt 1.000000 0.916667
vt 0.979167 1.000000
vt 0.958333 0.916667
vt 1.000000 0.416667
vt 0.958333 0.333333
vt 1.000000 0.333333
vt 0.958333 0.583333
vt 1.000000 0.583333
vt 0.958333 0.833333
vt 1.000000 0.833333
vt 0.958333 0.250000
vt 1.000000 0.250000
vt 1.000000 0.500000
vt 0.958333 0.500000
vt 1.000000 0.750000
vt 0.958333 0.416667
vt 0.916667 0.750000
vt 0.916667 0.416667
vt 0.916667 0.666667
vt 0.937500 1.000000
vt 0.916667 0.916667
vt 0.916667 0.333333
vt 0.916667 0.583333
vt 0.916667 0.833333
vt 0.916667 0.250000
vt 0.916667 0.500000
vt 0.875000 0.583333
vt 0.875000 0.833333
vt 0.875000 0.333333
vt 0.875000 0.250000
vt 0.875000 0.500000
vt 0.875000 0.750000
vt 0.875000 0.416667
vt 0.875000 0.666667
vt 0.895833 1.000000
vt 0.875000 0.916667
vt 0.833333 0.416667
vt 0.833333 0.750000
vt 0.833333 0.666667
vt 0.854167 1.000000
vt 0.833333 0.916667
vt 0.833333 0.333333
vt 0.833333 0.583333
vt 0.833333 0.833333
vt 0.833333 0.250000
vt 0.833333 0.500000
vt 0.791667 0.500000
vt 0.791667 0.750000
vt 0.791667 0.416667
vt 0.791667 0.666667
vt 0.812500 1.000000
vt 0.791667 0.916667
vt 0.791667 0.333333
vt 0.791667 0.583333
vt 0.791667 0.833333
vt 0.791667 0.250000
vt 0.770833 1.000000
s 1
usemtl Material
f 691/465/258 596/466/259 695/467/260
f 639/468/261 634/469/262 585/470/263
f 583/470/264 1064/470/265 582/470/266
f 592/471/267 597/472/268 596/466/259
f 596/466/259 601/473/269 600/474/270
f 600/474/270 605/475/271 604/476/272
f 604/476/272 609/477/273 608/478/274
f 608/478/274 613/479/275 612/480/276
f 612/480/276 617/481/277 616/482/278
f 616/482/278 621/483/279 620/484/280
f 620/484/280 625/485/281 624/486/282
f 624/486/282 629/487/283 628/488/284
f 628/488/284 633/489/285 632/490/286
f 632/490/286 637/491/287 636/492/288
f 636/492/288 641/493/289 640/494/290
f 640/494/290 645/495/291 644/496/292
f 644/496/292 649/497/293 648/498/294
f 648/498/294 653/499/295 652/500/296
f 652/500/296 657/501/297 656/502/298
f 656/502/298 661/503/299 660/504/300
f 660/504/300 665/505/301 664/506/302
f 664/506/302 669/507/303 668/508/304
f 668/508/304 673/509/305 672/510/306
f 672/510/306 677/511/307 676/512/308
f 676/512/308 681/513/309 680/514/310
f 680/514/310 685/515/311 684/516/312
f 684/516/312 689/517/313 688/518/314
f 688/518/314 693/519/268 692/520/315
f 692/520/315 697/521/269 696/522/316
f 696/522/316 701/523/271 700/524/317
f 700/524/317 705/525/273 704/526/318
f 704/526/318 709/527/275 708/528/319
f 708/528/319 713/529/277 712/530/320
f 712/530/320 717/531/279 716/532/280
f 716/532/280 721/533/281 720/534/282
f 720/534/282 725/535/283 724/536/321
f 724/536/321 729/537/285 728/538/322
f 728/538/322 733/539/287 732/540/288
f 732/540/288 737/541/289 736/542/290
f 736/542/290 741/543/291 740/544/323
f 740/544/323 745/545/293 744/546/324
f 744/546/324 749/547/295 748/548/325
f 748/548/325 753/549/297 752/550/298
f 752/550/298 757/551/299 756/552/300
f 756/552/300 761/553/301 760/554/326
f 760/554/326 765/555/327 764/556/304
f 764/556/304 769/557/328 768/558/329
f 768/558/329 773/559/307 772/560/330
f 772/560/330 777/561/309 776/562/331
f 776/562/331 781/563/332 780/564/333
f 780/564/333 785/565/334 784/566/314
f 784/566/314 789/567/268 788/568/259
f 788/568/259 793/569/335 792/570/316
f 792/570/316 797/571/271 796/572/336
f 796/572/336 801/573/273 800/574/274
f 800/574/274 805/575/275 804/576/276
f 804/576/276 809/577/277 808/578/278
f 808/578/278 813/579/279 812/580/280
f 812/580/280 817/581/281 816/582/337
f 816/582/337 821/583/283 820/584/284
f 820/584/284 825/585/285 824/586/322
f 824/586/322 829/587/287 828/588/338
f 828/588/338 833/589/289 832/590/290
f 832/590/290 837/591/291 836/592/292
f 836/592/292 841/593/293 840/594/324
f 840/594/324 845/595/295 844/596/339
f 844/596/339 849/597/297 848/598/298
f 848/598/298 853/599/299 852/600/300
f 852/600/300 857/601/301 856/602/302
f 856/602/302 861/603/303 860/604/304
f 860/604/304 865/605/328 864/606/329
f 864/606/329 869/607/307 868/608/308
f 868/608/308 873/609/309 872/610/310
f 872/610/310 877/611/332 876/612/333
f 876/612/333 881/613/334 880/614/314
f 880/614/314 885/615/268 884/616/315
f 884/616/315 889/617/335 888/618/270
f 888/618/270 893/619/271 892/620/340
f 892/620/340 897/621/273 896/622/274
f 896/622/274 901/623/275 900/624/276
f 900/624/276 905/625/277 904/626/278
f 904/626/278 909/627/279 908/628/280
f 908/628/280 913/629/281 912/630/282
f 912/630/282 917/631/283 916/632/284
f 916/632/284 921/633/285 920/634/286
f 920/634/286 925/635/287 924/636/338
f 924/636/338 929/637/289 928/638/290
f 928/638/290 933/639/291 932/640/292
f 932/640/292 937/641/293 936/642/294
f 936/642/294 941/643/295 940/644/325
f 940/644/325 945/645/297 944/646/298
f 944/646/298 949/647/299 948/648/300
f 948/648/300 953/649/301 952/650/302
f 952/650/302 957/651/303 956/652/304
f 956/652/304 961/653/305 960/654/306
f 960/654/306 965/655/307 964/656/330
f 964/656/330 969/657/309 968/658/310
f 968/658/310 973/659/332 972/660/333
f 972/660/333 977/661/334 976/662/341
f 976/662/341 981/663/268 980/664/315
f 980/664/315 985/665/335 984/666/270
f 984/666/270 989/667/271 988/668/340
f 988/668/340 993/669/273 992/670/318
f 992/670/318 997/671/275 996/672/276
f 996/672/276 1001/673/277 1000/674/278
f 1000/674/278 1005/675/279 1004/676/280
f 1004/676/280 1009/677/281 1008/678/282
f 1008/678/282 1013/679/283 1012/680/284
f 1012/680/284 1017/681/285 1016/682/322
f 1016/682/322 1021/683/287 1020/684/342
f 593/685/343 598/686/344 597/472/268
f 597/472/268 602/687/345 601/473/269
f 601/473/269 606/688/346 605/475/271
f 605/475/271 610/689/347 609/477/273
f 609/477/273 614/690/348 613/479/275
f 613/479/275 618/691/349 617/481/277
f 617/481/277 622/692/350 621/483/279
f 621/483/279 626/693/351 625/485/281
f 625/485/281 630/694/352 629/487/283
f 629/487/283 634/469/262 633/489/285
f 633/489/285 638/695/353 637/491/287
f 637/491/287 642/696/354 641/493/289
f 641/493/289 646/697/355 645/495/291
f 645/495/291 650/698/356 649/497/293
f 649/497/293 654/699/357 653/499/295
f 653/499/295 658/700/358 657/501/297
f 657/501/297 662/701/359 661/503/299
f 661/503/299 666/702/360 665/505/301
f 665/505/301 670/703/361 669/507/303
f 669/507/303 674/704/362 673/509/305
f 673/509/305 678/705/363 677/511/307
f 677/511/307 682/706/364 681/513/309
f 681/513/309 686/707/365 685/515/311
f 689/517/313 694/708/366 693/519/268
f 693/519/268 698/709/367 697/521/269
f 697/521/269 702/710/368 701/523/271
f 701/523/271 706/711/369 705/525/273
f 705/525/273 710/712/370 709/527/275
f 709/527/275 714/713/371 713/529/277
f 713/529/277 718/714/372 717/531/279
f 717/531/279 722/715/373 721/533/281
f 721/533/281 726/716/374 725/535/283
f 725/535/283 730/717/375 729/537/285
f 729/537/285 734/718/353 733/539/287
f 733/539/287 738/719/354 737/541/289
f 737/541/289 742/720/355 741/543/291
f 741/543/291 746/721/356 745/545/293
f 745/545/293 750/722/357 749/547/295
f 749/547/295 754/723/376 753/549/297
f 753/549/297 758/724/359 757/551/299
f 757/551/299 762/725/360 761/553/301
f 761/553/301 766/726/361 765/555/327
f 765/555/327 770/727/362 769/557/328
f 769/557/328 774/728/363 773/559/307
f 773/559/307 778/729/377 777/561/309
f 777/561/309 782/730/378 781/563/332
f 781/563/332 786/731/379 785/565/334
f 785/565/334 790/732/366 789/567/268
f 789/567/268 794/733/367 793/569/335
f 793/569/335 798/734/368 797/571/271
f 797/571/271 802/735/369 801/573/273
f 801/573/273 806/736/370 805/575/275
f 805/575/275 810/737/371 809/577/277
f 809/577/277 814/738/372 813/579/279
f 813/579/279 818/739/373 817/581/281
f 817/581/281 822/740/374 821/583/283
f 821/583/283 826/741/380 825/585/285
f 825/585/285 830/742/353 829/587/287
f 829/587/287 834/743/354 833/589/289
f 833/589/289 838/744/355 837/591/291
f 837/591/291 842/745/356 841/593/293
f 841/593/293 846/746/357 845/595/295
f 845/595/295 850/747/376 849/597/297
f 849/597/297 854/748/359 853/599/299
f 853/599/299 858/749/360 857/601/301
f 857/601/301 862/750/361 861/603/303
f 861/603/303 866/751/362 865/605/328
f 865/605/328 870/752/363 869/607/307
f 869/607/307 874/753/377 873/609/309
f 873/609/309 878/754/378 877/611/332
f 877/611/332 882/755/379 881/613/334
f 881/613/334 886/756/366 885/615/268
f 885/615/268 890/757/367 889/617/335
f 889/617/335 894/758/368 893/619/271
f 893/619/271 898/759/369 897/621/273
f 897/621/273 902/760/370 901/623/275
f 901/623/275 906/761/371 905/625/277
f 905/625/277 910/762/372 909/627/279
f 909/627/279 914/763/373 913/629/281
f 913/629/281 918/764/374 917/631/283
f 917/631/283 922/765/375 921/633/285
f 921/633/285 926/766/353 925/635/287
f 925/635/287 930/767/354 929/637/289
f 929/637/289 934/768/355 933/639/291
f 933/639/291 938/769/356 937/641/293
f 937/641/293 942/770/357 941/643/295
f 941/643/295 946/771/376 945/645/297
f 945/645/297 950/772/359 949/647/299
f 949/647/299 954/773/360 953/649/301
f 953/649/301 958/774/361 957/651/303
f 957/651/303 962/775/362 961/653/305
f 961/653/305 966/776/363 965/655/307
f 965/655/307 970/777/377 969/657/309
f 969/657/309 974/778/378 973/659/332
f 973/659/332 978/779/379 977/661/334
f 977/661/334 982/780/366 981/663/268
f 981/663/268 986/781/367 985/665/335
f 985/665/335 990/782/368 989/667/271
f 989/667/271 994/783/369 993/669/273
f 993/669/273 998/784/370 997/671/275
f 997/671/275 1002/785/371 1001/673/277
f 1001/673/277 1006/786/372 1005/675/279
f 1005/675/279 1010/787/373 1009/677/281
f 1009/677/281 1014/788/374 1013/679/283
f 1013/679/283 1018/789/375 1017/681/285
f 1017/681/285 1022/790/353 1021/683/287
f 1021/683/287 1025/791/354 1024/792/289
f 1024/792/289 1028/793/355 1027/794/381
f 1027/794/381 1031/795/356 1030/796/382
f 1030/796/382 1034/797/357 1033/798/383
f 1033/798/383 1037/799/376 1036/800/384
f 1036/800/384 1040/801/359 1039/802/385
f 1039/802/385 1043/803/360 1042/804/386
f 1042/804/386 1046/805/361 1045/806/387
f 1045/806/387 1049/807/362 1048/808/388
f 1048/808/388 1052/809/389 1051/810/390
f 583/470/264 582/470/266 1020/684/391
f 594/811/392 559/470/393 598/686/344
f 598/686/344 557/470/394 602/687/345
f 602/687/345 555/470/395 606/688/346
f 606/688/346 553/470/396 610/689/347
f 610/689/347 551/470/397 614/690/348
f 614/690/348 549/470/398 618/691/349
f 618/691/349 591/470/399 622/692/350
f 622/692/350 589/470/400 626/693/351
f 626/693/351 587/470/401 630/694/352
f 630/694/352 585/470/263 634/469/262
s 0
f 607/470/402 1061/470/402 1069/470/402
s 1
f 638/695/353 643/812/403 642/696/354
f 642/696/354 647/813/404 646/697/355
f 646/697/355 651/814/405 650/698/356
f 650/698/356 655/815/406 654/699/357
f 654/699/357 659/816/407 658/700/358
f 658/700/358 663/817/408 662/701/359
f 662/701/359 667/818/409 666/702/360
f 666/702/360 671/819/410 670/703/361
f 670/703/361 675/820/411 674/704/362
f 674/704/362 679/821/412 678/705/363
f 678/705/363 683/822/413 682/706/364
f 682/706/364 687/823/414 686/707/365
f 686/707/365 691/465/258 690/824/415
f 690/824/415 695/467/260 694/708/366
f 694/708/366 699/825/416 698/709/367
f 698/709/367 703/826/417 702/710/368
f 702/710/368 707/827/418 706/711/369
f 706/711/369 711/828/419 710/712/370
f 710/712/370 715/829/420 714/713/371
f 714/713/371 719/830/421 718/714/372
f 718/714/372 723/831/422 722/715/373
f 722/715/373 727/832/423 726/716/374
f 726/716/374 731/833/424 730/717/375
f 730/717/375 735/834/425 734/718/353
f 734/718/353 739/835/403 738/719/354
f 738/719/354 743/836/404 742/720/355
f 742/720/355 747/837/405 746/721/356
f 746/721/356 751/838/426 750/722/357
f 750/722/357 755/839/407 754/723/376
f 754/723/376 759/840/408 758/724/359
f 758/724/359 763/841/427 762/725/360
f 762/725/360 767/842/428 766/726/361
f 766/726/361 771/843/429 770/727/362
f 770/727/362 775/844/412 774/728/363
f 774/728/363 779/845/413 778/729/377
f 778/729/377 783/846/414 782/730/378
f 782/730/378 787/847/430 786/731/379
f 786/731/379 791/848/431 790/732/366
f 790/732/366 795/849/432 794/733/367
f 794/733/367 799/850/433 798/734/368
f 798/734/368 803/851/434 802/735/369
f 802/735/369 807/852/419 806/736/370
f 806/736/370 811/853/435 810/737/371
f 810/737/371 815/854/421 814/738/372
f 814/738/372 819/855/422 818/739/373
f 818/739/373 823/856/436 822/740/374
f 822/740/374 827/857/437 826/741/380
f 826/741/380 831/858/425 830/742/353
f 830/742/353 835/859/403 834/743/354
f 834/743/354 839/860/438 838/744/355
f 838/744/355 843/861/439 842/745/356
f 842/745/356 847/862/406 846/746/357
f 846/746/357 851/863/407 850/747/376
f 850/747/376 855/864/440 854/748/359
f 854/748/359 859/865/441 858/749/360
f 858/749/360 863/866/428 862/750/361
f 862/750/361 867/867/429 866/751/362
f 866/751/362 871/868/442 870/752/363
f 870/752/363 875/869/443 874/753/377
f 874/753/377 879/870/414 878/754/378
f 878/754/378 883/871/258 882/755/379
f 882/755/379 887/872/260 886/756/366
f 886/756/366 891/873/432 890/757/367
f 890/757/367 895/874/417 894/758/368
f 894/758/368 899/875/418 898/759/369
f 898/759/369 903/876/444 902/760/370
f 902/760/370 907/877/445 906/761/371
f 906/761/371 911/878/421 910/762/372
f 910/762/372 915/879/446 914/763/373
f 914/763/373 919/880/436 918/764/374
f 918/764/374 923/881/437 922/765/375
f 922/765/375 927/882/447 926/766/353
f 926/766/353 931/883/448 930/767/354
f 930/767/354 935/884/404 934/768/355
f 934/768/355 939/885/439 938/769/356
f 938/769/356 943/886/406 942/770/357
f 942/770/357 947/887/407 946/771/376
f 946/771/376 951/888/408 950/772/359
f 950/772/359 955/889/427 954/773/360
f 954/773/360 959/890/410 958/774/361
f 958/774/361 963/891/411 962/775/362
f 962/775/362 967/892/412 966/776/363
f 966/776/363 971/893/413 970/777/377
f 970/777/377 975/894/449 974/778/378
f 974/778/378 979/895/258 978/779/379
f 978/779/379 983/896/431 982/780/366
f 982/780/366 987/897/416 986/781/367
f 986/781/367 991/898/450 990/782/368
f 990/782/368 995/899/418 994/783/369
f 994/783/369 999/900/444 998/784/370
f 998/784/370 1003/901/445 1002/785/371
f 1002/785/371 1007/902/451 1006/786/372
f 1006/786/372 1011/903/446 1010/787/373
f 1010/787/373 1015/904/436 1014/788/374
f 1014/788/374 1019/905/424 1018/789/375
f 1018/789/375 1023/906/447 1022/790/353
f 1022/790/353 1026/907/448 1025/791/354
f 1025/791/354 1029/908/404 1028/793/355
f 1028/793/355 1032/909/405 1031/795/356
f 1031/795/356 1035/910/406 1034/797/357
f 1034/797/357 1038/911/452 1037/799/376
f 1037/799/376 1041/912/408 1040/801/359
f 1040/801/359 1044/913/441 1043/803/360
f 1043/803/360 1047/914/428 1046/805/361
f 1046/805/361 1050/915/429 1049/807/362
f 1049/807/362 1053/916/442 1052/809/389
f 1052/809/389 1056/917/453 1055/918/454
f 976/662/341 562/470/455 972/660/333
f 972/660/333 1056/917/453 968/658/310
f 1056/917/453 562/470/455 1055/918/454
f 590/470/456 635/470/457 1069/470/456
f 552/470/458 631/470/459 550/470/459
f 560/470/460 607/470/461 611/470/460
f 572/470/462 1057/470/463 570/470/463
f 581/470/464 1062/470/465 580/470/465
f 588/470/466 1067/470/467 586/470/467
f 556/470/468 615/470/469 619/470/468
f 566/470/470 595/470/471 599/470/470
f 578/470/472 1060/470/473 576/470/473
f 583/470/264 1066/470/474 1065/470/475
f 554/470/476 627/470/458 552/470/458
f 564/470/477 607/470/461 562/470/478
f 550/470/459 635/470/457 548/470/457
f 574/470/479 1058/470/462 572/470/462
f 581/470/464 1064/470/265 1063/470/464
f 588/470/466 1069/470/456 1068/470/466
f 560/470/460 615/470/469 558/470/469
f 568/470/471 1057/470/463 595/470/471
f 580/470/465 1061/470/472 578/470/472
f 584/470/474 1067/470/467 1066/470/474
f 556/470/468 623/470/476 554/470/476
f 564/470/477 599/470/470 603/470/480
f 576/470/473 1059/470/479 574/470/479
f 759/840/408 664/506/302 763/841/427
f 755/839/407 660/504/300 759/840/408
f 751/838/426 656/502/298 755/839/407
f 747/837/405 652/500/296 751/838/426
f 743/836/404 648/498/294 747/837/405
f 739/835/403 644/496/292 743/836/404
f 735/834/425 640/494/290 739/835/403
f 731/833/424 636/492/288 735/834/425
f 727/832/423 632/490/286 731/833/424
f 723/831/422 628/488/284 727/832/423
f 719/830/421 624/486/282 723/831/422
f 715/829/420 620/484/280 719/830/421
f 711/828/419 616/482/278 715/829/420
f 707/827/418 612/480/276 711/828/419
f 703/826/417 608/478/274 707/827/418
f 699/825/416 604/476/272 703/826/417
f 695/467/260 600/474/270 699/825/416
f 783/846/414 688/518/314 787/847/430
f 779/845/413 684/516/312 783/846/414
f 775/844/412 680/514/310 779/845/413
f 771/843/429 676/512/308 775/844/412
f 767/842/428 672/510/306 771/843/429
f 763/841/427 668/508/304 767/842/428
f 831/858/425 736/542/290 835/859/403
f 827/857/437 732/540/288 831/858/425
f 823/856/436 728/538/322 827/857/437
f 819/855/422 724/536/321 823/856/436
f 815/854/421 720/534/282 819/855/422
f 811/853/435 716/532/280 815/854/421
f 807/852/419 712/530/320 811/853/435
f 803/851/434 708/528/319 807/852/419
f 799/850/433 704/526/318 803/851/434
f 795/849/432 700/524/317 799/850/433
f 791/848/431 696/522/316 795/849/432
f 787/847/430 692/520/315 791/848/431
f 879/870/414 784/566/314 883/871/258
f 875/869/443 780/564/333 879/870/414
f 871/868/442 776/562/331 875/869/443
f 867/867/429 772/560/330 871/868/442
f 863/866/428 768/558/329 867/867/429
f 859/865/441 764/556/304 863/866/428
f 855/864/440 760/554/326 859/865/441
f 851/863/407 756/552/300 855/864/440
f 847/862/406 752/550/298 851/863/407
f 843/861/439 748/548/325 847/862/406
f 839/860/438 744/546/324 843/861/439
f 835/859/403 740/544/323 839/860/438
f 679/821/412 565/470/481 683/822/413
f 675/820/411 567/470/482 679/821/412
f 671/819/410 569/470/483 675/820/411
f 667/818/409 571/470/484 671/819/410
f 663/817/408 573/470/485 667/818/409
f 659/816/407 575/470/486 663/817/408
f 655/815/406 577/470/487 659/816/407
f 683/822/413 563/470/488 687/823/414
f 687/823/414 592/471/267 691/465/258
f 592/471/267 563/470/488 593/685/343
f 563/470/488 594/811/392 593/685/343
f 563/470/488 561/470/489 594/811/392
f 1030/796/382 581/470/490 1027/794/381
f 1027/794/381 582/470/491 1024/792/289
f 1024/792/289 1020/684/342 1021/683/287
f 1020/684/342 584/470/492 1016/682/322
f 988/668/340 556/470/493 984/666/270
f 992/670/318 554/470/494 988/668/340
f 996/672/276 552/470/495 992/670/318
f 1000/674/278 550/470/496 996/672/276
f 1004/676/280 548/470/497 1000/674/278
f 1008/678/282 590/470/498 1004/676/280
f 1012/680/284 588/470/499 1008/678/282
f 1016/682/322 586/470/500 1012/680/284
f 984/666/270 558/470/501 980/664/315
s 0
f 1033/798/502 580/470/502 1030/796/502
f 1036/800/503 578/470/503 1033/798/503
f 1039/802/504 576/470/504 1036/800/504
f 1042/804/505 574/470/505 1039/802/505
f 1045/806/506 572/470/506 1042/804/506
f 1048/808/507 570/470/507 1045/806/507
f 1051/810/508 568/470/508 1048/808/508
f 1054/919/509 566/470/509 1051/810/509
s 1
f 564/470/477 562/470/478 1054/919/510
f 980/664/315 560/470/511 976/662/341
f 639/468/261 585/470/263 1073/470/512
f 1118/470/513 1089/470/514 1094/470/515
f 927/882/447 832/590/290 931/883/448
f 1070/470/516 647/813/404 1071/470/517
f 1071/470/517 643/812/403 1072/470/518
f 1072/470/518 639/468/261 1073/470/512
f 923/881/437 828/588/338 927/882/447
f 919/880/436 824/586/322 923/881/437
f 915/879/446 820/584/284 919/880/436
f 911/878/421 816/582/337 915/879/446
f 907/877/445 812/580/280 911/878/421
f 903/876/444 808/578/278 907/877/445
f 899/875/418 804/576/276 903/876/444
f 895/874/417 800/574/274 899/875/418
f 891/873/432 796/572/336 895/874/417
f 887/872/260 792/570/316 891/873/432
f 883/871/258 788/568/259 887/872/260
f 975/894/449 880/614/314 979/895/258
f 971/893/413 876/612/333 975/894/449
f 967/892/412 872/610/310 971/893/413
f 963/891/411 868/608/308 967/892/412
f 959/890/410 864/606/329 963/891/411
f 955/889/427 860/604/304 959/890/410
f 951/888/408 856/602/302 955/889/427
f 947/887/407 852/600/300 951/888/408
f 943/886/406 848/598/298 947/887/407
f 939/885/439 844/596/339 943/886/406
f 935/884/404 840/594/324 939/885/439
f 931/883/448 836/592/292 935/884/404
f 1053/916/442 968/658/310 1056/917/453
f 1050/915/429 964/656/330 1053/916/442
f 1047/914/428 960/654/306 1050/915/429
f 1044/913/441 956/652/304 1047/914/428
f 1041/912/408 952/650/302 1044/913/441
f 1038/911/452 948/648/300 1041/912/408
f 1035/910/406 944/646/298 1038/911/452
f 1032/909/405 940/644/325 1035/910/406
f 1029/908/404 936/642/294 1032/909/405
f 1026/907/448 932/640/292 1029/908/404
f 1023/906/447 928/638/290 1026/907/448
f 1019/905/424 924/636/338 1023/906/447
f 1015/904/436 920/634/286 1019/905/424
f 1011/903/446 916/632/284 1015/904/436
f 1007/902/451 912/630/282 1011/903/446
f 1003/901/445 908/628/280 1007/902/451
f 999/900/444 904/626/278 1003/901/445
f 995/899/418 900/624/276 999/900/444
f 991/898/450 896/622/274 995/899/418
f 987/897/416 892/620/340 991/898/450
f 983/896/431 888/618/270 987/897/416
f 979/895/258 884/616/315 983/896/431
f 559/470/393 1080/470/519 1079/470/520
f 567/470/482 1084/470/521 1083/470/522
f 585/470/263 1097/470/523 1073/470/512
f 575/470/486 1088/470/524 1087/470/525
f 591/470/399 1092/470/526 589/470/400
f 555/470/395 1076/470/527 553/470/396
f 561/470/489 1081/470/528 1080/470/519
f 569/470/483 1085/470/529 1084/470/521
f 577/470/487 1089/470/514 1088/470/524
f 555/470/395 1078/470/530 1077/470/531
f 587/470/401 1090/470/532 585/470/263
f 1070/470/516 1089/470/514 579/470/533
f 563/470/488 1082/470/534 1081/470/528
f 549/470/398 1093/470/535 591/470/399
f 571/470/484 1086/470/536 1085/470/529
f 551/470/397 1074/470/537 549/470/398
f 1071/470/517 1094/470/515 1070/470/516
f 557/470/394 1079/470/520 1078/470/530
f 1072/470/518 1095/470/538 1071/470/517
f 565/470/481 1083/470/522 1082/470/534
f 573/470/485 1087/470/525 1086/470/536
f 589/470/400 1091/470/539 587/470/401
f 553/470/396 1075/470/540 551/470/397
f 1073/470/512 1096/470/541 1072/470/518
f 1078/470/530 1101/470/542 1077/470/531
f 1074/470/537 1117/470/543 1093/470/535
f 1086/470/536 1109/470/544 1085/470/529
f 1079/470/520 1102/470/545 1078/470/530
f 651/814/405 579/470/533 655/815/406
f 1087/470/525 1110/470/546 1086/470/536
f 1079/470/520 1104/470/547 1103/470/548
f 1095/470/538 1118/470/513 1094/470/515
f 1087/470/525 1112/470/549 1111/470/550
f 1081/470/528 1104/470/547 1080/470/519
f 1096/470/541 1119/470/551 1095/470/538
f 1089/470/514 1112/470/549 1088/470/524
f 1081/470/528 1106/470/552 1105/470/553
f 1096/470/541 1121/470/554 1120/470/555
f 1075/470/540 1098/470/556 1074/470/537
f 1090/470/532 1115/470/557 1114/470/558
f 1082/470/534 1107/470/559 1106/470/552
f 1097/470/523 1114/470/558 1121/470/554
f 1076/470/527 1099/470/560 1075/470/540
f 1092/470/526 1115/470/557 1091/470/539
f 1084/470/521 1107/470/559 1083/470/522
f 1077/470/531 1100/470/561 1076/470/527
f 1093/470/535 1116/470/562 1092/470/526
f 1084/470/521 1109/470/544 1108/470/563
f 1123/920/564 1133/921/565 1124/922/566
f 1338/923/567 1129/924/568 1130/925/569
f 1125/926/570 1133/921/565 1134/927/571
f 1122/928/572 1130/925/569 1131/929/573
f 1336/930/574 1236/931/575 1128/932/576
f 1126/933/577 1134/927/571 1135/934/578
f 1122/928/572 1132/935/579 1123/920/564
f 1337/936/580 1128/932/576 1129/924/568
f 1126/933/577 1136/937/581 1127/938/582
f 1131/929/573 1139/939/583 1140/940/584
f 1128/932/576 1236/941/575 1137/942/585
f 1134/927/571 1144/943/586 1135/934/578
f 1132/935/579 1140/940/584 1141/944/587
f 1128/932/576 1138/945/588 1129/924/568
f 1135/934/578 1145/946/586 1136/937/581
f 1132/935/579 1142/947/589 1133/921/565
f 1130/925/569 1138/945/588 1139/939/583
f 1134/927/571 1142/947/589 1143/948/590
f 1139/939/583 1147/949/591 1148/950/592
f 1142/947/589 1152/951/593 1143/948/590
f 1139/939/583 1149/952/594 1140/940/584
f 1137/942/585 1236/953/575 1146/954/595
f 1143/948/590 1153/955/596 1144/943/586
f 1140/940/584 1150/956/597 1141/944/587
f 1137/942/585 1147/949/591 1138/945/588
f 1144/943/586 1154/957/596 1145/946/586
f 1142/947/589 1150/956/597 1151/958/598
f 1149/952/594 1159/959/599 1150/956/597
f 1147/949/591 1155/960/600 1156/961/601
f 1153/955/596 1163/962/602 1154/957/596
f 1150/956/597 1160/963/603 1151/958/598
f 1147/949/591 1157/964/604 1148/950/592
f 1151/958/598 1161/965/605 1152/951/593
f 1149/952/594 1157/964/604 1158/966/606
f 1146/954/595 1236/967/575 1155/960/600
f 1153/955/596 1161/965/605 1162/968/602
f 1158/966/606 1166/969/607 1167/970/608
f 1155/960/600 1236/971/575 1164/972/609
f 1162/968/602 1170/973/610 1171/974/611
f 1158/966/606 1168/975/612 1159/959/599
f 1155/960/600 1165/976/613 1156/961/601
f 1162/968/602 1172/977/614 1163/962/602
f 1160/963/603 1168/975/612 1169/978/615
f 1156/961/601 1166/969/607 1157/964/604
f 1160/963/603 1170/973/610 1161/965/605
f 1169/978/615 1177/979/616 1178/980/617
f 1166/969/607 1174/981/618 1175/982/619
f 1169/978/615 1179/983/620 1170/973/610
f 1167/970/608 1175/982/619 1176/984/621
f 1164/972/609 1236/985/575 1173/986/622
f 1170/973/610 1180/987/623 1171/974/611
f 1167/970/608 1177/979/616 1168/975/612
f 1165/976/613 1173/986/622 1174/981/618
f 1172/977/614 1180/987/623 1181/988/624
f 1176/984/621 1186/989/625 1177/979/616
f 1173/986/622 1183/990/626 1174/981/618
f 1180/987/623 1190/991/627 1181/988/624
f 1177/979/616 1187/992/628 1178/980/617
f 1174/981/618 1184/993/629 1175/982/619
f 1179/983/620 1187/992/628 1188/994/630
f 1175/982/619 1185/995/631 1176/984/621
f 1173/986/622 1236/996/575 1182/997/632
f 1179/983/620 1189/998/633 1180/987/623
f 1187/992/628 1197/999/634 1188/994/630
f 1184/993/629 1194/1000/635 1185/995/631
f 1182/997/632 1236/1001/575 1191/1002/636
f 1188/994/630 1198/1003/637 1189/998/633
f 1185/995/631 1195/1004/638 1186/989/625
f 1183/990/626 1191/1002/636 1192/1005/639
f 1189/998/633 1199/1006/640 1190/991/627
f 1187/992/628 1195/1004/638 1196/1007/492
f 1184/993/629 1192/1005/639 1193/1008/641
f 1196/1007/492 1204/1009/642 1205/1010/500
f 1192/1005/639 1202/1011/643 1193/1008/641
f 1196/1007/492 1206/1012/644 1197/999/634
f 1194/1000/635 1202/1011/643 1203/1013/645
f 1191/1002/636 1236/1014/575 1200/1015/646
f 1197/999/634 1207/1016/647 1198/1003/637
f 1194/1000/635 1204/1009/642 1195/1004/638
f 1191/1002/636 1201/1017/648 1192/1005/639
f 1198/1003/637 1208/1018/649 1199/1006/640
f 1206/1012/644 1216/1019/650 1207/1016/647
f 1203/1013/645 1213/1020/651 1204/1009/642
f 1201/1017/648 1209/1021/652 1210/1022/653
f 1207/1016/647 1217/1023/654 1208/1018/649
f 1204/1009/642 1214/1024/499 1205/1010/500
f 1201/1017/648 1211/1025/655 1202/1011/643
f 1206/1012/644 1214/1024/499 1215/1026/656
f 1202/1011/643 1212/1027/657 1203/1013/645
f 1200/1015/646 1236/1028/575 1209/1021/652
f 1214/1024/499 1224/1029/658 1215/1026/656
f 1211/1025/655 1221/1030/659 1212/1027/657
f 1209/1021/652 1236/1031/575 1218/1032/660
f 1215/1026/656 1225/1033/661 1216/1019/650
f 1213/1020/651 1221/1030/659 1222/1034/662
f 1210/1022/653 1218/1032/660 1219/1035/663
f 1217/1023/654 1225/1033/661 1226/1036/664
f 1213/1020/651 1223/1037/498 1214/1024/499
f 1210/1022/653 1220/1038/665 1211/1025/655
f 1226/1036/664 1234/1039/666 1235/1040/667
f 1222/1034/662 1232/1041/497 1223/1037/498
f 1219/1035/663 1229/1042/668 1220/1038/665
f 1224/1029/658 1232/1041/497 1233/1043/669
f 1220/1038/665 1230/1044/670 1221/1030/659
f 1218/1032/660 1236/1045/575 1227/1046/671
f 1224/1029/658 1234/1039/666 1225/1033/661
f 1222/1034/662 1230/1044/670 1231/1047/672
f 1219/1035/663 1227/1046/671 1228/1048/673
f 1227/1046/671 1236/1049/575 1237/1050/674
f 1234/1039/666 1243/1051/675 1244/1052/676
f 1231/1047/672 1240/1053/677 1241/1054/678
f 1228/1048/673 1237/1050/674 1238/1055/679
f 1234/1039/666 1245/1056/680 1235/1040/667
f 1232/1041/497 1241/1054/678 1242/1057/496
f 1228/1048/673 1239/1058/681 1229/1042/668
f 1232/1041/497 1243/1051/675 1233/1043/669
f 1230/1044/670 1239/1058/681 1240/1053/677
f 1242/1057/496 1252/1059/682 1243/1051/675
f 1240/1053/677 1248/1060/683 1249/1061/684
f 1237/1050/674 1236/1062/575 1246/1063/685
f 1244/1052/676 1252/1059/682 1253/1064/686
f 1240/1053/677 1250/1065/687 1241/1054/678
f 1237/1050/674 1247/1066/688 1238/1055/679
f 1244/1052/676 1254/1067/689 1245/1056/680
f 1242/1057/496 1250/1065/687 1251/1068/495
f 1238/1055/679 1248/1060/683 1239/1058/681
f 1246/1063/685 1256/1069/690 1247/1066/688
f 1253/1064/686 1263/1070/691 1254/1067/689
f 1251/1068/495 1259/1071/692 1260/1072/494
f 1247/1066/688 1257/1073/693 1248/1060/683
f 1251/1068/495 1261/1074/694 1252/1059/682
f 1248/1060/683 1258/1075/695 1249/1061/684
f 1246/1063/685 1236/1076/575 1255/1077/696
f 1253/1064/686 1261/1074/694 1262/1078/697
f 1249/1061/684 1259/1071/692 1250/1065/687
f 1255/1077/696 1236/1079/575 1264/1080/698
f 1261/1074/694 1271/1081/699 1262/1078/697
f 1258/1075/695 1268/1082/700 1259/1071/692
f 1255/1077/696 1265/1083/701 1256/1069/690
f 1262/1078/697 1272/1084/702 1263/1070/691
f 1259/1071/692 1269/1085/493 1260/1072/494
f 1256/1069/690 1266/1086/703 1257/1073/693
f 1261/1074/694 1269/1085/493 1270/1087/704
f 1258/1075/695 1266/1086/703 1267/1088/705
f 1265/1083/701 1275/1089/706 1266/1086/703
f 1269/1085/493 1279/1090/707 1270/1087/704
f 1266/1086/703 1276/1091/708 1267/1088/705
f 1264/1080/698 1236/1092/575 1273/1093/709
f 1271/1081/699 1279/1090/707 1280/1094/710
f 1267/1088/705 1277/1095/711 1268/1082/700
f 1264/1080/698 1274/1096/712 1265/1083/701
f 1271/1081/699 1281/1097/713 1272/1084/702
f 1268/1082/700 1278/1098/501 1269/1085/493
f 1274/1096/712 1282/1099/714 1283/1100/715
f 1280/1094/710 1290/1101/716 1281/1097/713
f 1278/1098/501 1286/1102/717 1287/1103/511
f 1274/1096/712 1284/1104/718 1275/1089/706
f 1278/1098/501 1288/1105/719 1279/1090/707
f 1276/1091/708 1284/1104/718 1285/1106/720
f 1273/1093/709 1236/1107/575 1282/1099/714
f 1280/1094/710 1288/1105/719 1289/1108/721
f 1277/1095/711 1285/1106/720 1286/1102/717
f 1285/1109/720 1293/1110/722 1294/1111/723
f 1282/1112/714 1236/1113/575 1291/1114/724
f 1288/1115/719 1298/1116/725 1289/1117/721
f 1285/1109/720 1295/1118/726 1286/1119/717
f 1282/1112/714 1292/1120/727 1283/1121/715
f 1289/1117/721 1299/1122/728 1290/1123/716
f 1287/1124/511 1295/1118/726 1296/1125/729
f 1283/1121/715 1293/1110/722 1284/1126/718
f 1287/1124/511 1297/1127/730 1288/1115/719
f 1292/1120/727 1302/1128/731 1293/1110/722
f 1296/1125/729 1306/1129/732 1297/1127/730
f 1293/1110/722 1303/1130/733 1294/1111/723
f 1291/1114/724 1236/1131/575 1300/1132/734
f 1298/1116/725 1306/1129/732 1307/1133/735
f 1294/1111/723 1304/1134/736 1295/1118/726
f 1292/1120/727 1300/1132/734 1301/1135/737
f 1298/1116/725 1308/1136/738 1299/1122/728
f 1296/1125/729 1304/1134/736 1305/1137/739
f 1303/1130/733 1313/1138/740 1304/1134/736
f 1300/1132/734 1310/1139/741 1301/1135/737
f 1308/1136/738 1316/1140/742 1317/1141/743
f 1304/1134/736 1314/1142/744 1305/1137/739
f 1301/1135/737 1311/1143/745 1302/1128/731
f 1305/1137/739 1315/1144/746 1306/1129/732
f 1302/1128/731 1312/1145/747 1303/1130/733
f 1300/1132/734 1236/1146/575 1309/1147/748
f 1307/1133/735 1315/1144/746 1316/1140/742
f 1314/1142/744 1324/1148/749 1315/1144/746
f 1312/1145/747 1320/1149/750 1321/1150/751
f 1309/1147/748 1236/1151/575 1318/1152/752
f 1315/1144/746 1325/1153/753 1316/1140/742
f 1312/1145/747 1322/1154/754 1313/1138/740
f 1310/1139/741 1318/1152/752 1319/1155/755
f 1316/1140/742 1326/1156/756 1317/1141/743
f 1314/1142/744 1322/1154/754 1323/1157/757
f 1310/1139/741 1320/1149/750 1311/1143/745
f 1322/1154/754 1332/1158/758 1323/1157/757
f 1319/1155/755 1329/1159/759 1320/1149/750
f 1323/1157/757 1333/1160/760 1324/1148/749
f 1320/1149/750 1330/1161/761 1321/1150/751
f 1318/1152/752 1236/1162/575 1327/1163/762
f 1324/1148/749 1334/1164/763 1325/1153/753
f 1321/1150/751 1331/1165/764 1322/1154/754
f 1319/1155/755 1327/1163/762 1328/1166/765
f 1326/1156/756 1334/1164/763 1335/1167/766
f 1333/1160/760 1126/933/577 1334/1164/763
f 1330/1161/761 1123/920/564 1331/1165/764
f 1327/1163/762 1337/936/580 1328/1166/765
f 1334/1164/763 1127/938/582 1335/1167/766
f 1331/1165/764 1124/922/566 1332/1158/758
f 1328/1166/765 1338/923/567 1329/1159/759
f 1333/1160/760 1124/922/566 1125/926/570
f 1330/1161/761 1338/923/567 1122/928/572
f 1327/1163/762 1236/1168/575 1336/930/574
f 1281/1097/713 1118/470/767 1272/1084/702
f 1290/1101/716 1119/470/768 1281/1097/713
f 1299/1122/728 1120/470/769 1290/1123/716
f 1308/1136/738 1121/470/770 1299/1122/728
f 1317/1141/743 1114/470/771 1308/1136/738
f 1326/1156/756 1115/470/772 1317/1141/743
f 1335/1167/766 1116/470/773 1326/1156/756
f 1127/938/582 1117/470/774 1335/1167/766
f 1136/937/581 1098/470/775 1127/938/582
f 1145/946/586 1099/470/776 1136/937/581
f 1154/957/596 1100/470/777 1145/946/586
f 1154/957/596 1102/470/778 1101/470/779
f 1163/962/602 1103/470/780 1102/470/778
f 1172/977/614 1104/470/781 1103/470/780
f 1181/988/624 1105/470/782 1104/470/781
f 1190/991/627 1106/470/783 1105/470/782
f 1199/1006/640 1107/470/784 1106/470/783
f 1208/1018/649 1108/470/785 1107/470/784
f 1217/1023/654 1109/470/786 1108/470/785
f 1226/1036/664 1110/470/787 1109/470/786
f 1235/1040/667 1111/470/788 1110/470/787
f 1245/1056/680 1112/470/789 1111/470/788
f 1254/1067/689 1113/470/790 1112/470/789
f 1272/1084/702 1113/470/790 1263/1070/691
f 691/465/258 592/471/267 596/466/259
f 639/468/261 638/695/353 634/469/262
f 583/470/264 1065/470/475 1064/470/265
f 592/471/267 593/685/343 597/472/268
f 596/466/259 597/472/268 601/473/269
f 600/474/270 601/473/269 605/475/271
f 604/476/272 605/475/271 609/477/273
f 608/478/274 609/477/273 613/479/275
f 612/480/276 613/479/275 617/481/277
f 616/482/278 617/481/277 621/483/279
f 620/484/280 621/483/279 625/485/281
f 624/486/282 625/485/281 629/487/283
f 628/488/284 629/487/283 633/489/285
f 632/490/286 633/489/285 637/491/287
f 636/492/288 637/491/287 641/493/289
f 640/494/290 641/493/289 645/495/291
f 644/496/292 645/495/291 649/497/293
f 648/498/294 649/497/293 653/499/295
f 652/500/296 653/499/295 657/501/297
f 656/502/298 657/501/297 661/503/299
f 660/504/300 661/503/299 665/505/301
f 664/506/302 665/505/301 669/507/303
f 668/508/304 669/507/303 673/509/305
f 672/510/306 673/509/305 677/511/307
f 676/512/308 677/511/307 681/513/309
f 680/514/310 681/513/309 685/515/311
f 684/516/312 685/515/311 689/517/313
f 688/518/314 689/517/313 693/519/268
f 692/520/315 693/519/268 697/521/269
f 696/522/316 697/521/269 701/523/271
f 700/524/317 701/523/271 705/525/273
f 704/526/318 705/525/273 709/527/275
f 708/528/319 709/527/275 713/529/277
f 712/530/320 713/529/277 717/531/279
f 716/532/280 717/531/279 721/533/281
f 720/534/282 721/533/281 725/535/283
f 724/536/321 725/535/283 729/537/285
f 728/538/322 729/537/285 733/539/287
f 732/540/288 733/539/287 737/541/289
f 736/542/290 737/541/289 741/543/291
f 740/544/323 741/543/291 745/545/293
f 744/546/324 745/545/293 749/547/295
f 748/548/325 749/547/295 753/549/297
f 752/550/298 753/549/297 757/551/299
f 756/552/300 757/551/299 761/553/301
f 760/554/326 761/553/301 765/555/327
f 764/556/304 765/555/327 769/557/328
f 768/558/329 769/557/328 773/559/307
f 772/560/330 773/559/307 777/561/309
f 776/562/331 777/561/309 781/563/332
f 780/564/333 781/563/332 785/565/334
f 784/566/314 785/565/334 789/567/268
f 788/568/259 789/567/268 793/569/335
f 792/570/316 793/569/335 797/571/271
f 796/572/336 797/571/271 801/573/273
f 800/574/274 801/573/273 805/575/275
f 804/576/276 805/575/275 809/577/277
f 808/578/278 809/577/277 813/579/279
f 812/580/280 813/579/279 817/581/281
f 816/582/337 817/581/281 821/583/283
f 820/584/284 821/583/283 825/585/285
f 824/586/322 825/585/285 829/587/287
f 828/588/338 829/587/287 833/589/289
f 832/590/290 833/589/289 837/591/291
f 836/592/292 837/591/291 841/593/293
f 840/594/324 841/593/293 845/595/295
f 844/596/339 845/595/295 849/597/297
f 848/598/298 849/597/297 853/599/299
f 852/600/300 853/599/299 857/601/301
f 856/602/302 857/601/301 861/603/303
f 860/604/304 861/603/303 865/605/328
f 864/606/329 865/605/328 869/607/307
f 868/608/308 869/607/307 873/609/309
f 872/610/310 873/609/309 877/611/332
f 876/612/333 877/611/332 881/613/334
f 880/614/314 881/613/334 885/615/268
f 884/616/315 885/615/268 889/617/335
f 888/618/270 889/617/335 893/619/271
f 892/620/340 893/619/271 897/621/273
f 896/622/274 897/621/273 901/623/275
f 900/624/276 901/623/275 905/625/277
f 904/626/278 905/625/277 909/627/279
f 908/628/280 909/627/279 913/629/281
f 912/630/282 913/629/281 917/631/283
f 916/632/284 917/631/283 921/633/285
f 920/634/286 921/633/285 925/635/287
f 924/636/338 925/635/287 929/637/289
f 928/638/290 929/637/289 933/639/291
f 932/640/292 933/639/291 937/641/293
f 936/642/294 937/641/293 941/643/295
f 940/644/325 941/643/295 945/645/297
f 944/646/298 945/645/297 949/647/299
f 948/648/300 949/647/299 953/649/301
f 952/650/302 953/649/301 957/651/303
f 956/652/304 957/651/303 961/653/305
f 960/654/306 961/653/305 965/655/307
f 964/656/330 965/655/307 969/657/309
f 968/658/310 969/657/309 973/659/332
f 972/660/333 973/659/332 977/661/334
f 976/662/341 977/661/334 981/663/268
f 980/664/315 981/663/268 985/665/335
f 984/666/270 985/665/335 989/667/271
f 988/668/340 989/667/271 993/669/273
f 992/670/318 993/669/273 997/671/275
f 996/672/276 997/671/275 1001/673/277
f 1000/674/278 1001/673/277 1005/675/279
f 1004/676/280 1005/675/279 1009/677/281
f 1008/678/282 1009/677/281 1013/679/283
f 1012/680/284 1013/679/283 1017/681/285
f 1016/682/322 1017/681/285 1021/683/287
f 593/685/343 594/811/392 598/686/344
f 597/472/268 598/686/344 602/687/345
f 601/473/269 602/687/345 606/688/346
f 605/475/271 606/688/346 610/689/347
f 609/477/273 610/689/347 614/690/348
f 613/479/275 614/690/348 618/691/349
f 617/481/277 618/691/349 622/692/350
f 621/483/279 622/692/350 626/693/351
f 625/485/281 626/693/351 630/694/352
f 629/487/283 630/694/352 634/469/262
f 633/489/285 634/469/262 638/695/353
f 637/491/287 638/695/353 642/696/354
f 641/493/289 642/696/354 646/697/355
f 645/495/291 646/697/355 650/698/356
f 649/497/293 650/698/356 654/699/357
f 653/499/295 654/699/357 658/700/358
f 657/501/297 658/700/358 662/701/359
f 661/503/299 662/701/359 666/702/360
f 665/505/301 666/702/360 670/703/361
f 669/507/303 670/703/361 674/704/362
f 673/509/305 674/704/362 678/705/363
f 677/511/307 678/705/363 682/706/364
f 681/513/309 682/706/364 686/707/365
f 689/517/313 690/824/415 694/708/366
f 693/519/268 694/708/366 698/709/367
f 697/521/269 698/709/367 702/710/368
f 701/523/271 702/710/368 706/711/369
f 705/525/273 706/711/369 710/712/370
f 709/527/275 710/712/370 714/713/371
f 713/529/277 714/713/371 718/714/372
f 717/531/279 718/714/372 722/715/373
f 721/533/281 722/715/373 726/716/374
f 725/535/283 726/716/374 730/717/375
f 729/537/285 730/717/375 734/718/353
f 733/539/287 734/718/353 738/719/354
f 737/541/289 738/719/354 742/720/355
f 741/543/291 742/720/355 746/721/356
f 745/545/293 746/721/356 750/722/357
f 749/547/295 750/722/357 754/723/376
f 753/549/297 754/723/376 758/724/359
f 757/551/299 758/724/359 762/725/360
f 761/553/301 762/725/360 766/726/361
f 765/555/327 766/726/361 770/727/362
f 769/557/328 770/727/362 774/728/363
f 773/559/307 774/728/363 778/729/377
f 777/561/309 778/729/377 782/730/378
f 781/563/332 782/730/378 786/731/379
f 785/565/334 786/731/379 790/732/366
f 789/567/268 790/732/366 794/733/367
f 793/569/335 794/733/367 798/734/368
f 797/571/271 798/734/368 802/735/369
f 801/573/273 802/735/369 806/736/370
f 805/575/275 806/736/370 810/737/371
f 809/577/277 810/737/371 814/738/372
f 813/579/279 814/738/372 818/739/373
f 817/581/281 818/739/373 822/740/374
f 821/583/283 822/740/374 826/741/380
f 825/585/285 826/741/380 830/742/353
f 829/587/287 830/742/353 834/743/354
f 833/589/289 834/743/354 838/744/355
f 837/591/291 838/744/355 842/745/356
f 841/593/293 842/745/356 846/746/357
f 845/595/295 846/746/357 850/747/376
f 849/597/297 850/747/376 854/748/359
f 853/599/299 854/748/359 858/749/360
f 857/601/301 858/749/360 862/750/361
f 861/603/303 862/750/361 866/751/362
f 865/605/328 866/751/362 870/752/363
f 869/607/307 870/752/363 874/753/377
f 873/609/309 874/753/377 878/754/378
f 877/611/332 878/754/378 882/755/379
f 881/613/334 882/755/379 886/756/366
f 885/615/268 886/756/366 890/757/367
f 889/617/335 890/757/367 894/758/368
f 893/619/271 894/758/368 898/759/369
f 897/621/273 898/759/369 902/760/370
f 901/623/275 902/760/370 906/761/371
f 905/625/277 906/761/371 910/762/372
f 909/627/279 910/762/372 914/763/373
f 913/629/281 914/763/373 918/764/374
f 917/631/283 918/764/374 922/765/375
f 921/633/285 922/765/375 926/766/353
f 925/635/287 926/766/353 930/767/354
f 929/637/289 930/767/354 934/768/355
f 933/639/291 934/768/355 938/769/356
f 937/641/293 938/769/356 942/770/357
f 941/643/295 942/770/357 946/771/376
f 945/645/297 946/771/376 950/772/359
f 949/647/299 950/772/359 954/773/360
f 953/649/301 954/773/360 958/774/361
f 957/651/303 958/774/361 962/775/362
f 961/653/305 962/775/362 966/776/363
f 965/655/307 966/776/363 970/777/377
f 969/657/309 970/777/377 974/778/378
f 973/659/332 974/778/378 978/779/379
f 977/661/334 978/779/379 982/780/366
f 981/663/268 982/780/366 986/781/367
f 985/665/335 986/781/367 990/782/368
f 989/667/271 990/782/368 994/783/369
f 993/669/273 994/783/369 998/784/370
f 997/671/275 998/784/370 1002/785/371
f 1001/673/277 1002/785/371 1006/786/372
f 1005/675/279 1006/786/372 1010/787/373
f 1009/677/281 1010/787/373 1014/788/374
f 1013/679/283 1014/788/374 1018/789/375
f 1017/681/285 1018/789/375 1022/790/353
f 1021/683/287 1022/790/353 1025/791/354
f 1024/792/289 1025/791/354 1028/793/355
f 1027/794/381 1028/793/355 1031/795/356
f 1030/796/382 1031/795/356 1034/797/357
f 1033/798/383 1034/797/357 1037/799/376
f 1036/800/384 1037/799/376 1040/801/359
f 1039/802/385 1040/801/359 1043/803/360
f 1042/804/386 1043/803/360 1046/805/361
f 1045/806/387 1046/805/361 1049/807/362
f 1048/808/388 1049/807/362 1052/809/389
f 594/811/392 561/470/489 559/470/393
f 598/686/344 559/470/393 557/470/394
f 602/687/345 557/470/394 555/470/395
f 606/688/346 555/470/395 553/470/396
f 610/689/347 553/470/396 551/470/397
f 614/690/348 551/470/397 549/470/398
f 618/691/349 549/470/398 591/470/399
f 622/692/350 591/470/399 589/470/400
f 626/693/351 589/470/400 587/470/401
f 630/694/352 587/470/401 585/470/263
s 0
f 1069/470/402 635/470/402 631/470/402
f 631/470/402 627/470/402 623/470/402
f 623/470/402 619/470/402 615/470/402
f 615/470/402 611/470/402 607/470/402
f 607/470/402 603/470/402 599/470/402
f 599/470/402 595/470/402 1057/470/402
f 1057/470/402 1058/470/402 1059/470/402
f 1059/470/402 1060/470/402 1061/470/402
f 1061/470/402 1062/470/402 1063/470/402
f 1063/470/402 1064/470/402 1065/470/402
f 1065/470/402 1066/470/402 1067/470/402
f 1067/470/402 1068/470/402 1069/470/402
f 1069/470/402 631/470/402 623/470/402
f 623/470/402 615/470/402 607/470/402
f 607/470/402 599/470/402 1057/470/402
f 1057/470/402 1059/470/402 1061/470/402
f 1061/470/402 1063/470/402 1065/470/402
f 1065/470/402 1067/470/402 1069/470/402
f 1069/470/402 623/470/402 607/470/402
f 607/470/402 1057/470/402 1061/470/402
f 1061/470/402 1065/470/402 1069/470/402
s 1
f 638/695/353 639/468/261 643/812/403
f 642/696/354 643/812/403 647/813/404
f 646/697/355 647/813/404 651/814/405
f 650/698/356 651/814/405 655/815/406
f 654/699/357 655/815/406 659/816/407
f 658/700/358 659/816/407 663/817/408
f 662/701/359 663/817/408 667/818/409
f 666/702/360 667/818/409 671/819/410
f 670/703/361 671/819/410 675/820/411
f 674/704/362 675/820/411 679/821/412
f 678/705/363 679/821/412 683/822/413
f 682/706/364 683/822/413 687/823/414
f 686/707/365 687/823/414 691/465/258
f 690/824/415 691/465/258 695/467/260
f 694/708/366 695/467/260 699/825/416
f 698/709/367 699/825/416 703/826/417
f 702/710/368 703/826/417 707/827/418
f 706/711/369 707/827/418 711/828/419
f 710/712/370 711/828/419 715/829/420
f 714/713/371 715/829/420 719/830/421
f 718/714/372 719/830/421 723/831/422
f 722/715/373 723/831/422 727/832/423
f 726/716/374 727/832/423 731/833/424
f 730/717/375 731/833/424 735/834/425
f 734/718/353 735/834/425 739/835/403
f 738/719/354 739/835/403 743/836/404
f 742/720/355 743/836/404 747/837/405
f 746/721/356 747/837/405 751/838/426
f 750/722/357 751/838/426 755/839/407
f 754/723/376 755/839/407 759/840/408
f 758/724/359 759/840/408 763/841/427
f 762/725/360 763/841/427 767/842/428
f 766/726/361 767/842/428 771/843/429
f 770/727/362 771/843/429 775/844/412
f 774/728/363 775/844/412 779/845/413
f 778/729/377 779/845/413 783/846/414
f 782/730/378 783/846/414 787/847/430
f 786/731/379 787/847/430 791/848/431
f 790/732/366 791/848/431 795/849/432
f 794/733/367 795/849/432 799/850/433
f 798/734/368 799/850/433 803/851/434
f 802/735/369 803/851/434 807/852/419
f 806/736/370 807/852/419 811/853/435
f 810/737/371 811/853/435 815/854/421
f 814/738/372 815/854/421 819/855/422
f 818/739/373 819/855/422 823/856/436
f 822/740/374 823/856/436 827/857/437
f 826/741/380 827/857/437 831/858/425
f 830/742/353 831/858/425 835/859/403
f 834/743/354 835/859/403 839/860/438
f 838/744/355 839/860/438 843/861/439
f 842/745/356 843/861/439 847/862/406
f 846/746/357 847/862/406 851/863/407
f 850/747/376 851/863/407 855/864/440
f 854/748/359 855/864/440 859/865/441
f 858/749/360 859/865/441 863/866/428
f 862/750/361 863/866/428 867/867/429
f 866/751/362 867/867/429 871/868/442
f 870/752/363 871/868/442 875/869/443
f 874/753/377 875/869/443 879/870/414
f 878/754/378 879/870/414 883/871/258
f 882/755/379 883/871/258 887/872/260
f 886/756/366 887/872/260 891/873/432
f 890/757/367 891/873/432 895/874/417
f 894/758/368 895/874/417 899/875/418
f 898/759/369 899/875/418 903/876/444
f 902/760/370 903/876/444 907/877/445
f 906/761/371 907/877/445 911/878/421
f 910/762/372 911/878/421 915/879/446
f 914/763/373 915/879/446 919/880/436
f 918/764/374 919/880/436 923/881/437
f 922/765/375 923/881/437 927/882/447
f 926/766/353 927/882/447 931/883/448
f 930/767/354 931/883/448 935/884/404
f 934/768/355 935/884/404 939/885/439
f 938/769/356 939/885/439 943/886/406
f 942/770/357 943/886/406 947/887/407
f 946/771/376 947/887/407 951/888/408
f 950/772/359 951/888/408 955/889/427
f 954/773/360 955/889/427 959/890/410
f 958/774/361 959/890/410 963/891/411
f 962/775/362 963/891/411 967/892/412
f 966/776/363 967/892/412 971/893/413
f 970/777/377 971/893/413 975/894/449
f 974/778/378 975/894/449 979/895/258
f 978/779/379 979/895/258 983/896/431
f 982/780/366 983/896/431 987/897/416
f 986/781/367 987/897/416 991/898/450
f 990/782/368 991/898/450 995/899/418
f 994/783/369 995/899/418 999/900/444
f 998/784/370 999/900/444 1003/901/445
f 1002/785/371 1003/901/445 1007/902/451
f 1006/786/372 1007/902/451 1011/903/446
f 1010/787/373 1011/903/446 1015/904/436
f 1014/788/374 1015/904/436 1019/905/424
f 1018/789/375 1019/905/424 1023/906/447
f 1022/790/353 1023/906/447 1026/907/448
f 1025/791/354 1026/907/448 1029/908/404
f 1028/793/355 1029/908/404 1032/909/405
f 1031/795/356 1032/909/405 1035/910/406
f 1034/797/357 1035/910/406 1038/911/452
f 1037/799/376 1038/911/452 1041/912/408
f 1040/801/359 1041/912/408 1044/913/441
f 1043/803/360 1044/913/441 1047/914/428
f 1046/805/361 1047/914/428 1050/915/429
f 1049/807/362 1050/915/429 1053/916/442
f 1052/809/389 1053/916/442 1056/917/453
f 976/662/341 560/470/511 562/470/455
f 972/660/333 562/470/455 1056/917/453
f 590/470/456 548/470/457 635/470/457
f 552/470/458 627/470/458 631/470/459
f 560/470/460 562/470/478 607/470/461
f 572/470/462 1058/470/462 1057/470/463
f 581/470/464 1063/470/464 1062/470/465
f 588/470/466 1068/470/466 1067/470/467
f 556/470/468 558/470/469 615/470/469
f 566/470/470 568/470/471 595/470/471
f 578/470/472 1061/470/472 1060/470/473
f 583/470/264 584/470/474 1066/470/474
f 554/470/476 623/470/476 627/470/458
f 564/470/477 603/470/480 607/470/461
f 550/470/459 631/470/459 635/470/457
f 574/470/479 1059/470/479 1058/470/462
f 581/470/464 582/470/266 1064/470/265
f 588/470/466 590/470/456 1069/470/456
f 560/470/460 611/470/460 615/470/469
f 568/470/471 570/470/463 1057/470/463
f 580/470/465 1062/470/465 1061/470/472
f 584/470/474 586/470/467 1067/470/467
f 556/470/468 619/470/468 623/470/476
f 564/470/477 566/470/470 599/470/470
f 576/470/473 1060/470/473 1059/470/479
f 759/840/408 660/504/300 664/506/302
f 755/839/407 656/502/298 660/504/300
f 751/838/426 652/500/296 656/502/298
f 747/837/405 648/498/294 652/500/296
f 743/836/404 644/496/292 648/498/294
f 739/835/403 640/494/290 644/496/292
f 735/834/425 636/492/288 640/494/290
f 731/833/424 632/490/286 636/492/288
f 727/832/423 628/488/284 632/490/286
f 723/831/422 624/486/282 628/488/284
f 719/830/421 620/484/280 624/486/282
f 715/829/420 616/482/278 620/484/280
f 711/828/419 612/480/276 616/482/278
f 707/827/418 608/478/274 612/480/276
f 703/826/417 604/476/272 608/478/274
f 699/825/416 600/474/270 604/476/272
f 695/467/260 596/466/259 600/474/270
f 783/846/414 684/516/312 688/518/314
f 779/845/413 680/514/310 684/516/312
f 775/844/412 676/512/308 680/514/310
f 771/843/429 672/510/306 676/512/308
f 767/842/428 668/508/304 672/510/306
f 763/841/427 664/506/302 668/508/304
f 831/858/425 732/540/288 736/542/290
f 827/857/437 728/538/322 732/540/288
f 823/856/436 724/536/321 728/538/322
f 819/855/422 720/534/282 724/536/321
f 815/854/421 716/532/280 720/534/282
f 811/853/435 712/530/320 716/532/280
f 807/852/419 708/528/319 712/530/320
f 803/851/434 704/526/318 708/528/319
f 799/850/433 700/524/317 704/526/318
f 795/849/432 696/522/316 700/524/317
f 791/848/431 692/520/315 696/522/316
f 787/847/430 688/518/314 692/520/315
f 879/870/414 780/564/333 784/566/314
f 875/869/443 776/562/331 780/564/333
f 871/868/442 772/560/330 776/562/331
f 867/867/429 768/558/329 772/560/330
f 863/866/428 764/556/304 768/558/329
f 859/865/441 760/554/326 764/556/304
f 855/864/440 756/552/300 760/554/326
f 851/863/407 752/550/298 756/552/300
f 847/862/406 748/548/325 752/550/298
f 843/861/439 744/546/324 748/548/325
f 839/860/438 740/544/323 744/546/324
f 835/859/403 736/542/290 740/544/323
f 679/821/412 567/470/482 565/470/481
f 675/820/411 569/470/483 567/470/482
f 671/819/410 571/470/484 569/470/483
f 667/818/409 573/470/485 571/470/484
f 663/817/408 575/470/486 573/470/485
f 659/816/407 577/470/487 575/470/486
f 655/815/406 579/470/533 577/470/487
f 683/822/413 565/470/481 563/470/488
f 687/823/414 563/470/488 592/471/267
f 1030/796/382 580/470/791 581/470/490
f 1027/794/381 581/470/490 582/470/491
f 1024/792/289 582/470/491 1020/684/342
f 1020/684/342 583/470/792 584/470/492
f 988/668/340 554/470/494 556/470/493
f 992/670/318 552/470/495 554/470/494
f 996/672/276 550/470/496 552/470/495
f 1000/674/278 548/470/497 550/470/496
f 1004/676/280 590/470/498 548/470/497
f 1008/678/282 588/470/499 590/470/498
f 1012/680/284 586/470/500 588/470/499
f 1016/682/322 584/470/492 586/470/500
f 984/666/270 556/470/493 558/470/501
s 0
f 1033/798/793 578/470/793 580/470/793
f 1036/800/794 576/470/794 578/470/794
f 1039/802/795 574/470/795 576/470/795
f 1042/804/796 572/470/796 574/470/796
f 1045/806/797 570/470/797 572/470/797
f 1048/808/798 568/470/798 570/470/798
f 1051/810/799 566/470/799 568/470/799
f 1054/919/800 564/470/800 566/470/800
s 1
f 980/664/315 558/470/501 560/470/511
f 1118/470/513 1113/470/801 1089/470/514
f 927/882/447 828/588/338 832/590/290
f 1070/470/516 651/814/405 647/813/404
f 1071/470/517 647/813/404 643/812/403
f 1072/470/518 643/812/403 639/468/261
f 923/881/437 824/586/322 828/588/338
f 919/880/436 820/584/284 824/586/322
f 915/879/446 816/582/337 820/584/284
f 911/878/421 812/580/280 816/582/337
f 907/877/445 808/578/278 812/580/280
f 903/876/444 804/576/276 808/578/278
f 899/875/418 800/574/274 804/576/276
f 895/874/417 796/572/336 800/574/274
f 891/873/432 792/570/316 796/572/336
f 887/872/260 788/568/259 792/570/316
f 883/871/258 784/566/314 788/568/259
f 975/894/449 876/612/333 880/614/314
f 971/893/413 872/610/310 876/612/333
f 967/892/412 868/608/308 872/610/310
f 963/891/411 864/606/329 868/608/308
f 959/890/410 860/604/304 864/606/329
f 955/889/427 856/602/302 860/604/304
f 951/888/408 852/600/300 856/602/302
f 947/887/407 848/598/298 852/600/300
f 943/886/406 844/596/339 848/598/298
f 939/885/439 840/594/324 844/596/339
f 935/884/404 836/592/292 840/594/324
f 931/883/448 832/590/290 836/592/292
f 1053/916/442 964/656/330 968/658/310
f 1050/915/429 960/654/306 964/656/330
f 1047/914/428 956/652/304 960/654/306
f 1044/913/441 952/650/302 956/652/304
f 1041/912/408 948/648/300 952/650/302
f 1038/911/452 944/646/298 948/648/300
f 1035/910/406 940/644/325 944/646/298
f 1032/909/405 936/642/294 940/644/325
f 1029/908/404 932/640/292 936/642/294
f 1026/907/448 928/638/290 932/640/292
f 1023/906/447 924/636/338 928/638/290
f 1019/905/424 920/634/286 924/636/338
f 1015/904/436 916/632/284 920/634/286
f 1011/903/446 912/630/282 916/632/284
f 1007/902/451 908/628/280 912/630/282
f 1003/901/445 904/626/278 908/628/280
f 999/900/444 900/624/276 904/626/278
f 995/899/418 896/622/274 900/624/276
f 991/898/450 892/620/340 896/622/274
f 987/897/416 888/618/270 892/620/340
f 983/896/431 884/616/315 888/618/270
f 979/895/258 880/614/314 884/616/315
f 559/470/393 561/470/489 1080/470/519
f 567/470/482 569/470/483 1084/470/521
f 585/470/263 1090/470/532 1097/470/523
f 575/470/486 577/470/487 1088/470/524
f 591/470/399 1093/470/535 1092/470/526
f 555/470/395 1077/470/531 1076/470/527
f 561/470/489 563/470/488 1081/470/528
f 569/470/483 571/470/484 1085/470/529
f 577/470/487 579/470/533 1089/470/514
f 555/470/395 557/470/394 1078/470/530
f 587/470/401 1091/470/539 1090/470/532
f 1070/470/516 1094/470/515 1089/470/514
f 563/470/488 565/470/481 1082/470/534
f 549/470/398 1074/470/537 1093/470/535
f 571/470/484 573/470/485 1086/470/536
f 551/470/397 1075/470/540 1074/470/537
f 1071/470/517 1095/470/538 1094/470/515
f 557/470/394 559/470/393 1079/470/520
f 1072/470/518 1096/470/541 1095/470/538
f 565/470/481 567/470/482 1083/470/522
f 573/470/485 575/470/486 1087/470/525
f 589/470/400 1092/470/526 1091/470/539
f 553/470/396 1076/470/527 1075/470/540
f 1073/470/512 1097/470/523 1096/470/541
f 1078/470/530 1102/470/545 1101/470/542
f 1074/470/537 1098/470/556 1117/470/543
f 1086/470/536 1110/470/546 1109/470/544
f 1079/470/520 1103/470/548 1102/470/545
f 651/814/405 1070/470/516 579/470/533
f 1087/470/525 1111/470/550 1110/470/546
f 1079/470/520 1080/470/519 1104/470/547
f 1095/470/538 1119/470/551 1118/470/513
f 1087/470/525 1088/470/524 1112/470/549
f 1081/470/528 1105/470/553 1104/470/547
f 1096/470/541 1120/470/555 1119/470/551
f 1089/470/514 1113/470/801 1112/470/549
f 1081/470/528 1082/470/534 1106/470/552
f 1096/470/541 1097/470/523 1121/470/554
f 1075/470/540 1099/470/560 1098/470/556
f 1090/470/532 1091/470/539 1115/470/557
f 1082/470/534 1083/470/522 1107/470/559
f 1097/470/523 1090/470/532 1114/470/558
f 1076/470/527 1100/470/561 1099/470/560
f 1092/470/526 1116/470/562 1115/470/557
f 1084/470/521 1108/470/563 1107/470/559
f 1077/470/531 1101/470/542 1100/470/561
f 1093/470/535 1117/470/543 1116/470/562
f 1084/470/521 1085/470/529 1109/470/544
f 1123/920/564 1132/935/579 1133/921/565
f 1338/923/567 1337/936/580 1129/924/568
f 1125/926/570 1124/922/566 1133/921/565
f 1122/928/572 1338/923/567 1130/925/569
f 1126/933/577 1125/926/570 1134/927/571
f 1122/928/572 1131/929/573 1132/935/579
f 1337/936/580 1336/930/574 1128/932/576
f 1126/933/577 1135/934/578 1136/937/581
f 1131/929/573 1130/925/569 1139/939/583
f 1134/927/571 1143/948/590 1144/943/586
f 1132/935/579 1131/929/573 1140/940/584
f 1128/932/576 1137/942/585 1138/945/588
f 1135/934/578 1144/943/586 1145/946/586
f 1132/935/579 1141/944/587 1142/947/589
f 1130/925/569 1129/924/568 1138/945/588
f 1134/927/571 1133/921/565 1142/947/589
f 1139/939/583 1138/945/588 1147/949/591
f 1142/947/589 1151/958/598 1152/951/593
f 1139/939/583 1148/950/592 1149/952/594
f 1143/948/590 1152/951/593 1153/955/596
f 1140/940/584 1149/952/594 1150/956/597
f 1137/942/585 1146/954/595 1147/949/591
f 1144/943/586 1153/955/596 1154/957/596
f 1142/947/589 1141/944/587 1150/956/597
f 1149/952/594 1158/966/606 1159/959/599
f 1147/949/591 1146/954/595 1155/960/600
f 1153/955/596 1162/968/602 1163/962/602
f 1150/956/597 1159/959/599 1160/963/603
f 1147/949/591 1156/961/601 1157/964/604
f 1151/958/598 1160/963/603 1161/965/605
f 1149/952/594 1148/950/592 1157/964/604
f 1153/955/596 1152/951/593 1161/965/605
f 1158/966/606 1157/964/604 1166/969/607
f 1162/968/602 1161/965/605 1170/973/610
f 1158/966/606 1167/970/608 1168/975/612
f 1155/960/600 1164/972/609 1165/976/613
f 1162/968/602 1171/974/611 1172/977/614
f 1160/963/603 1159/959/599 1168/975/612
f 1156/961/601 1165/976/613 1166/969/607
f 1160/963/603 1169/978/615 1170/973/610
f 1169/978/615 1168/975/612 1177/979/616
f 1166/969/607 1165/976/613 1174/981/618
f 1169/978/615 1178/980/617 1179/983/620
f 1167/970/608 1166/969/607 1175/982/619
f 1170/973/610 1179/983/620 1180/987/623
f 1167/970/608 1176/984/621 1177/979/616
f 1165/976/613 1164/972/609 1173/986/622
f 1172/977/614 1171/974/611 1180/987/623
f 1176/984/621 1185/995/631 1186/989/625
f 1173/986/622 1182/997/632 1183/990/626
f 1180/987/623 1189/998/633 1190/991/627
f 1177/979/616 1186/989/625 1187/992/628
f 1174/981/618 1183/990/626 1184/993/629
f 1179/983/620 1178/980/617 1187/992/628
f 1175/982/619 1184/993/629 1185/995/631
f 1179/983/620 1188/994/630 1189/998/633
f 1187/992/628 1196/1007/492 1197/999/634
f 1184/993/629 1193/1008/641 1194/1000/635
f 1188/994/630 1197/999/634 1198/1003/637
f 1185/995/631 1194/1000/635 1195/1004/638
f 1183/990/626 1182/997/632 1191/1002/636
f 1189/998/633 1198/1003/637 1199/1006/640
f 1187/992/628 1186/989/625 1195/1004/638
f 1184/993/629 1183/990/626 1192/1005/639
f 1196/1007/492 1195/1004/638 1204/1009/642
f 1192/1005/639 1201/1017/648 1202/1011/643
f 1196/1007/492 1205/1010/500 1206/1012/644
f 1194/1000/635 1193/1008/641 1202/1011/643
f 1197/999/634 1206/1012/644 1207/1016/647
f 1194/1000/635 1203/1013/645 1204/1009/642
f 1191/1002/636 1200/1015/646 1201/1017/648
f 1198/1003/637 1207/1016/647 1208/1018/649
f 1206/1012/644 1215/1026/656 1216/1019/650
f 1203/1013/645 1212/1027/657 1213/1020/651
f 1201/1017/648 1200/1015/646 1209/1021/652
f 1207/1016/647 1216/1019/650 1217/1023/654
f 1204/1009/642 1213/1020/651 1214/1024/499
f 1201/1017/648 1210/1022/653 1211/1025/655
f 1206/1012/644 1205/1010/500 1214/1024/499
f 1202/1011/643 1211/1025/655 1212/1027/657
f 1214/1024/499 1223/1037/498 1224/1029/658
f 1211/1025/655 1220/1038/665 1221/1030/659
f 1215/1026/656 1224/1029/658 1225/1033/661
f 1213/1020/651 1212/1027/657 1221/1030/659
f 1210/1022/653 1209/1021/652 1218/1032/660
f 1217/1023/654 1216/1019/650 1225/1033/661
f 1213/1020/651 1222/1034/662 1223/1037/498
f 1210/1022/653 1219/1035/663 1220/1038/665
f 1226/1036/664 1225/1033/661 1234/1039/666
f 1222/1034/662 1231/1047/672 1232/1041/497
f 1219/1035/663 1228/1048/673 1229/1042/668
f 1224/1029/658 1223/1037/498 1232/1041/497
f 1220/1038/665 1229/1042/668 1230/1044/670
f 1224/1029/658 1233/1043/669 1234/1039/666
f 1222/1034/662 1221/1030/659 1230/1044/670
f 1219/1035/663 1218/1032/660 1227/1046/671
f 1234/1039/666 1233/1043/669 1243/1051/675
f 1231/1047/672 1230/1044/670 1240/1053/677
f 1228/1048/673 1227/1046/671 1237/1050/674
f 1234/1039/666 1244/1052/676 1245/1056/680
f 1232/1041/497 1231/1047/672 1241/1054/678
f 1228/1048/673 1238/1055/679 1239/1058/681
f 1232/1041/497 1242/1057/496 1243/1051/675
f 1230/1044/670 1229/1042/668 1239/1058/681
f 1242/1057/496 1251/1068/495 1252/1059/682
f 1240/1053/677 1239/1058/681 1248/1060/683
f 1244/1052/676 1243/1051/675 1252/1059/682
f 1240/1053/677 1249/1061/684 1250/1065/687
f 1237/1050/674 1246/1063/685 1247/1066/688
f 1244/1052/676 1253/1064/686 1254/1067/689
f 1242/1057/496 1241/1054/678 1250/1065/687
f 1238/1055/679 1247/1066/688 1248/1060/683
f 1246/1063/685 1255/1077/696 1256/1069/690
f 1253/1064/686 1262/1078/697 1263/1070/691
f 1251/1068/495 1250/1065/687 1259/1071/692
f 1247/1066/688 1256/1069/690 1257/1073/693
f 1251/1068/495 1260/1072/494 1261/1074/694
f 1248/1060/683 1257/1073/693 1258/1075/695
f 1253/1064/686 1252/1059/682 1261/1074/694
f 1249/1061/684 1258/1075/695 1259/1071/692
f 1261/1074/694 1270/1087/704 1271/1081/699
f 1258/1075/695 1267/1088/705 1268/1082/700
f 1255/1077/696 1264/1080/698 1265/1083/701
f 1262/1078/697 1271/1081/699 1272/1084/702
f 1259/1071/692 1268/1082/700 1269/1085/493
f 1256/1069/690 1265/1083/701 1266/1086/703
f 1261/1074/694 1260/1072/494 1269/1085/493
f 1258/1075/695 1257/1073/693 1266/1086/703
f 1265/1083/701 1274/1096/712 1275/1089/706
f 1269/1085/493 1278/1098/501 1279/1090/707
f 1266/1086/703 1275/1089/706 1276/1091/708
f 1271/1081/699 1270/1087/704 1279/1090/707
f 1267/1088/705 1276/1091/708 1277/1095/711
f 1264/1080/698 1273/1093/709 1274/1096/712
f 1271/1081/699 1280/1094/710 1281/1097/713
f 1268/1082/700 1277/1095/711 1278/1098/501
f 1274/1096/712 1273/1093/709 1282/1099/714
f 1280/1094/710 1289/1108/721 1290/1101/716
f 1278/1098/501 1277/1095/711 1286/1102/717
f 1274/1096/712 1283/1100/715 1284/1104/718
f 1278/1098/501 1287/1103/511 1288/1105/719
f 1276/1091/708 1275/1089/706 1284/1104/718
f 1280/1094/710 1279/1090/707 1288/1105/719
f 1277/1095/711 1276/1091/708 1285/1106/720
f 1285/1109/720 1284/1126/718 1293/1110/722
f 1288/1115/719 1297/1127/730 1298/1116/725
f 1285/1109/720 1294/1111/723 1295/1118/726
f 1282/1112/714 1291/1114/724 1292/1120/727
f 1289/1117/721 1298/1116/725 1299/1122/728
f 1287/1124/511 1286/1119/717 1295/1118/726
f 1283/1121/715 1292/1120/727 1293/1110/722
f 1287/1124/511 1296/1125/729 1297/1127/730
f 1292/1120/727 1301/1135/737 1302/1128/731
f 1296/1125/729 1305/1137/739 1306/1129/732
f 1293/1110/722 1302/1128/731 1303/1130/733
f 1298/1116/725 1297/1127/730 1306/1129/732
f 1294/1111/723 1303/1130/733 1304/1134/736
f 1292/1120/727 1291/1114/724 1300/1132/734
f 1298/1116/725 1307/1133/735 1308/1136/738
f 1296/1125/729 1295/1118/726 1304/1134/736
f 1303/1130/733 1312/1145/747 1313/1138/740
f 1300/1132/734 1309/1147/748 1310/1139/741
f 1308/1136/738 1307/1133/735 1316/1140/742
f 1304/1134/736 1313/1138/740 1314/1142/744
f 1301/1135/737 1310/1139/741 1311/1143/745
f 1305/1137/739 1314/1142/744 1315/1144/746
f 1302/1128/731 1311/1143/745 1312/1145/747
f 1307/1133/735 1306/1129/732 1315/1144/746
f 1314/1142/744 1323/1157/757 1324/1148/749
f 1312/1145/747 1311/1143/745 1320/1149/750
f 1315/1144/746 1324/1148/749 1325/1153/753
f 1312/1145/747 1321/1150/751 1322/1154/754
f 1310/1139/741 1309/1147/748 1318/1152/752
f 1316/1140/742 1325/1153/753 1326/1156/756
f 1314/1142/744 1313/1138/740 1322/1154/754
f 1310/1139/741 1319/1155/755 1320/1149/750
f 1322/1154/754 1331/1165/764 1332/1158/758
f 1319/1155/755 1328/1166/765 1329/1159/759
f 1323/1157/757 1332/1158/758 1333/1160/760
f 1320/1149/750 1329/1159/759 1330/1161/761
f 1324/1148/749 1333/1160/760 1334/1164/763
f 1321/1150/751 1330/1161/761 1331/1165/764
f 1319/1155/755 1318/1152/752 1327/1163/762
f 1326/1156/756 1325/1153/753 1334/1164/763
f 1333/1160/760 1125/926/570 1126/933/577
f 1330/1161/761 1122/928/572 1123/920/564
f 1327/1163/762 1336/930/574 1337/936/580
f 1334/1164/763 1126/933/577 1127/938/582
f 1331/1165/764 1123/920/564 1124/922/566
f 1328/1166/765 1337/936/580 1338/923/567
f 1333/1160/760 1332/1158/758 1124/922/566
f 1330/1161/761 1329/1159/759 1338/923/567
f 1281/1097/713 1119/470/768 1118/470/767
f 1290/1101/716 1120/470/769 1119/470/768
f 1299/1122/728 1121/470/770 1120/470/769
f 1308/1136/738 1114/470/771 1121/470/770
f 1317/1141/743 1115/470/772 1114/470/771
f 1326/1156/756 1116/470/773 1115/470/772
f 1335/1167/766 1117/470/774 1116/470/773
f 1127/938/582 1098/470/775 1117/470/774
f 1136/937/581 1099/470/776 1098/470/775
f 1145/946/586 1100/470/777 1099/470/776
f 1154/957/596 1101/470/779 1100/470/777
f 1154/957/596 1163/962/602 1102/470/778
f 1163/962/602 1172/977/614 1103/470/780
f 1172/977/614 1181/988/624 1104/470/781
f 1181/988/624 1190/991/627 1105/470/782
f 1190/991/627 1199/1006/640 1106/470/783
f 1199/1006/640 1208/1018/649 1107/470/784
f 1208/1018/649 1217/1023/654 1108/470/785
f 1217/1023/654 1226/1036/664 1109/470/786
f 1226/1036/664 1235/1040/667 1110/470/787
f 1235/1040/667 1245/1056/680 1111/470/788
f 1245/1056/680 1254/1067/689 1112/470/789
f 1254/1067/689 1263/1070/691 1113/470/790
f 1272/1084/702 1118/470/767 1113/470/790
